HIERARCHY
ROOT 0x4F9D
{
	OFFSET 0.000000 0.000000 0.000000
	CHANNELS 6 Xposition Yposition Zposition Xrotation Yrotation Zrotation
	End Site
	{
		OFFSET 0 0 0
	}
}
ROOT 0x686E
{
	OFFSET 0.000000 0.000000 0.000000
	CHANNELS 6 Xposition Yposition Zposition Xrotation Yrotation Zrotation
	End Site
	{
		OFFSET 0 0 0
	}
}
ROOT 0x687A
{
	OFFSET 0.000000 0.000000 0.000000
	CHANNELS 6 Xposition Yposition Zposition Xrotation Yrotation Zrotation
	End Site
	{
		OFFSET 0 0 0
	}
}
ROOT 0x6E0E
{
	OFFSET 0.000000 0.000000 0.000000
	CHANNELS 6 Xposition Yposition Zposition Xrotation Yrotation Zrotation
	End Site
	{
		OFFSET 0 0 0
	}
}
ROOT 0x6E1A
{
	OFFSET 0.000000 0.000000 0.000000
	CHANNELS 6 Xposition Yposition Zposition Xrotation Yrotation Zrotation
	End Site
	{
		OFFSET 0 0 0
	}
}
ROOT 0x91D7
{
	OFFSET 0.000000 0.000000 0.000000
	CHANNELS 3 Xrotation Yrotation Zrotation
	End Site
	{
		OFFSET 0 0 0
	}
}
ROOT 0xB8EC
{
	OFFSET 0.000000 0.000000 0.000000
	CHANNELS 6 Xposition Yposition Zposition Xrotation Yrotation Zrotation
	End Site
	{
		OFFSET 0 0 0
	}
}
ROOT 0xB8EF
{
	OFFSET 0.000000 0.000000 0.000000
	CHANNELS 3 Xrotation Yrotation Zrotation
	End Site
	{
		OFFSET 0 0 0
	}
}
ROOT 0xB8F0
{
	OFFSET 0.000000 0.000000 0.000000
	CHANNELS 3 Xrotation Yrotation Zrotation
	End Site
	{
		OFFSET 0 0 0
	}
}
ROOT chassis
{
	OFFSET 0.000000 0.000000 0.000000
	CHANNELS 6 Xposition Yposition Zposition Xrotation Yrotation Zrotation
	JOINT soft_2
	{
		OFFSET -56.441689 11.529259 -0.000033
		CHANNELS 3 Xrotation Yrotation Zrotation
		JOINT soft_3
		{
			OFFSET 0.000013 -0.000000 12.739814
			CHANNELS 3 Xrotation Yrotation Zrotation
			JOINT soft_6
			{
				OFFSET 2.139547 0.000009 12.505010
				CHANNELS 3 Xrotation Yrotation Zrotation
				JOINT soft_7
				{
					OFFSET 0.000002 -0.000000 5.175319
					CHANNELS 3 Xrotation Yrotation Zrotation
					JOINT soft_8
					{
						OFFSET -0.000000 0.000000 5.269966
						CHANNELS 3 Xrotation Yrotation Zrotation
						JOINT soft_9
						{
							OFFSET 0.000002 0.000000 9.155548
							CHANNELS 3 Xrotation Yrotation Zrotation
							JOINT soft_11
							{
								OFFSET -0.000009 -0.000000 3.405280
								CHANNELS 3 Xrotation Yrotation Zrotation
								JOINT soft_12
								{
									OFFSET 0.000007 0.000000 10.642006
									CHANNELS 3 Xrotation Yrotation Zrotation
									JOINT soft_13
									{
										OFFSET -0.000009 0.000000 5.321798
										CHANNELS 3 Xrotation Yrotation Zrotation
										JOINT soft_14
										{
											OFFSET 0.000006 0.000000 5.373929
											CHANNELS 3 Xrotation Yrotation Zrotation
											End Site
											{
												OFFSET 0 0 0
											}
										}
									}
								}
							}
						}
					}
				}
			}
		}
	}
}
ROOT 0xDADC
{
	OFFSET 0.000000 0.000000 0.000000
	CHANNELS 6 Xposition Yposition Zposition Xrotation Yrotation Zrotation
	End Site
	{
		OFFSET 0 0 0
	}
}
ROOT [tags]
{
	OFFSET 0.000000 0.000000 0.000000
	CHANNELS 3 Xrotation Yrotation Zrotation
	End Site
	{
		OFFSET 0 0 0
	}
}
ROOT [tags]
{
	OFFSET 0.000000 0.000000 0.000000
	CHANNELS 3 Xrotation Yrotation Zrotation
	End Site
	{
		OFFSET 0 0 0
	}
}
MOTION
Frames:    265
Frame Time: 0.033333
-29.90803142 9.42307185 -30.53606224 -72.32704924 0.00000853 90.00008392 -33.79346467 7.60306975 4.22834634 -72.32704924 0.00000853 90.00008392 -29.90803142 9.42307185 -30.53606224 -72.32704924 0.00000853 90.00008392 -33.79346467 7.7737012 -3.67074749 -109.3591461 -0.00001195 89.99995419 -27.6816921 9.59366131 31.09366226 -109.3591461 -0.00001195 89.99995419 0 -0.00017075 0 -25.19212723 9.58157348 0 -90 -14.73177529 -0.00006179 0 13.70847512 0 0 -0.3350759 0 0 0 0 0 0 0 0.0000484 66.85409544 -0.00002584 0 6.76604987 0 0 2.84174536 0 0 12.75358487 0 0 0.51993107 0 0 1.66530654 0 0 -0.5728982 0 0 1.71870101 0 0 -1.14568638 0 0 7.84961651 0 -27.6816921 9.59366131 31.09366226 -109.3591461 -0.00001195 89.99995419 0 0 0 0 0 0
-29.90803333 9.42307185 -30.53606605 -72.32704924 0.00000853 90.00008392 -33.79346467 7.60307071 4.22834634 -72.32704924 0.00000853 90.00008392 -29.90803333 9.42307185 -30.53606605 -72.32704924 0.00000853 90.00008392 -33.79346467 7.7737012 -3.67074749 -109.3591461 -0.00001195 89.99995419 -27.6816921 9.59366131 31.09366417 -109.3591461 -0.00001195 89.99995419 0 -0.00017075 0 -25.19212723 9.58157348 0 -90 -14.73177529 -0.00006179 0 13.70847607 0 0 -0.3350759 0 0 0 0 0 0 0 0.0000484 66.85409544 -0.00002584 0 6.76604987 0 0 2.8417456 0 0 12.75358487 0 0 0.51993107 0 0 1.66530654 0 0 -0.5728982 0 0 1.71870113 0 0 -1.1456865 0 0 7.84961699 0 -27.6816921 9.59366131 31.09366417 -109.3591461 -0.00001195 89.99995419 0 0 0 0 0 0
-29.90803333 9.42307185 -30.53606605 -72.32704924 0.00000853 90.00008392 -33.79346467 7.60306975 4.22834634 -72.32704924 0.00000853 90.00008392 -29.90803333 9.42307185 -30.53606605 -72.32704924 0.00000853 90.00008392 -33.79346467 7.7737012 -3.67074749 -109.3591461 -0.00001195 89.99995419 -27.6816921 9.59366131 31.09366417 -109.3591461 -0.00001195 89.99995419 0 -0.00017075 0 -25.19212723 9.58157444 0 -90 -14.73177529 -0.00006179 0 13.70847607 0 0 -0.33507593 0 0 0 0 0 0 0 0.0000484 66.8541107 -0.00002584 0 6.76604987 0 0 2.8417456 0 0 12.75358487 0 0 0.51993095 0 0 1.66530666 0 0 -0.5728982 0 0 1.71870113 0 0 -1.14568638 0 0 7.84961651 0 -27.6816921 9.59366131 31.09366417 -109.3591461 -0.00001195 89.99995419 0 0 0 0 0 0
-29.90803142 9.42307185 -30.53606224 -72.32703398 0.00000341 90.00008392 -33.79346467 7.60306975 4.22834634 -72.32703398 0.00000341 90.00008392 -29.90803142 9.42307185 -30.53606224 -72.32703398 0.00000341 90.00008392 -33.79346467 7.7737012 -3.67074749 -109.3591461 -0.00001195 89.99995419 -27.6816921 9.59366131 31.09366226 -109.3591461 -0.00001195 89.99995419 0 -0.00017075 0 -25.19212723 9.58157444 0 -90.00000762 -14.7317772 -0.00006179 0 13.70847512 0 0 -0.3350759 0 0 0 0 0 0 0 0.0000484 66.85408019 -0.00002584 0 6.76604987 0 0 2.84174536 0 0 12.75358487 0 0 0.51993101 0 0 1.6653063 0 0 -0.5728982 0 0 1.71870101 0 0 -1.14568638 0 0 7.84961699 0 -27.6816921 9.59366131 31.09366226 -109.3591461 -0.00001195 89.99995419 0 0 0 0 0 0
-29.90803142 9.42307185 -30.53606224 -72.32704924 0.00000853 90.00008392 -33.79346467 7.60306975 4.22834634 -72.32704924 0.00000853 90.00008392 -29.90803142 9.42307185 -30.53606224 -72.32704924 0.00000853 90.00008392 -33.79346467 7.7737012 -3.67074749 -109.3591461 -0.00001195 89.99995419 -27.6816921 9.59366131 31.09366417 -109.3591461 -0.00001195 89.99995419 0 -0.00017075 0 -25.19212913 9.58157348 0 -90 -14.73177529 -0.00006179 0 13.70847512 0 0 -0.33507587 0 0 0 0 0 0 0 0.0000484 66.85409544 -0.00002584 0 6.76604987 0 0 2.84174536 0 0 12.75358487 0 0 0.51993107 0 0 1.66530654 0 0 -0.5728982 0 0 1.71870101 0 0 -1.14568638 0 0 7.84961699 0 -27.6816921 9.59366131 31.09366417 -109.3591461 -0.00001195 89.99995419 0 0 0 0 0 0
-29.90803142 9.42307185 -30.53606224 -72.32704924 0.00000853 90.00008392 -33.79346467 7.60306975 4.22834634 -72.32704924 0.00000853 90.00008392 -29.90803142 9.42307185 -30.53606224 -72.32704924 0.00000853 90.00008392 -33.79346467 7.7737012 -3.67074749 -109.3591461 -0.00001195 89.99995419 -27.6816921 9.59366131 31.09366226 -109.3591461 -0.00001195 89.99995419 0 -0.00017075 0 -25.19212723 9.58157253 0 -90 -14.7317772 -0.00006179 0 13.70847512 0 0 -0.3350759 0 0 0 0 0 0 0 0.0000484 66.85409544 -0.00002584 0 6.76604939 0 0 2.84174536 0 0 12.75358487 0 0 0.51993107 0 0 1.66530654 0 0 -0.5728982 0 0 1.71870101 0 0 -1.14568638 0 0 7.84961651 0 -27.6816921 9.59366131 31.09366226 -109.3591461 -0.00001195 89.99995419 0 0 0 0 0 0
-29.90803142 9.41046237 -30.53606224 -72.32704924 0.00000853 90.00008392 -33.79346467 7.59060001 4.22834634 -72.32704924 0.00000853 90.00008392 -29.90803142 9.41046237 -30.53606224 -72.32704924 0.00000853 90.00008392 -33.79346467 7.76121379 -3.67074749 -109.3591461 -0.00001195 89.99995419 -27.6816921 9.58039856 31.09366226 -109.3591461 -0.00001195 89.99995419 0 -0.00017075 0 -25.19212723 9.58157348 0 -90 -14.73177529 -0.00006267 0 13.70847417 0 0 -0.33507593 0 0 0 0 0 0 0 0.0000484 66.85409544 -0.00002584 0 6.76605035 0 0 2.84174536 0 0 12.75358487 0 0 0.51993107 0 0 1.66530654 0 0 -0.5728982 0 0 1.71870113 0 0 -1.14568638 0 0 7.84961651 0 -27.6816921 9.58039856 31.09366226 -109.3591461 -0.00001195 89.99995419 0 0 0 0 0 0
-29.90803142 9.39785193 -30.54714775 -72.32704924 0.00000853 90.00008392 -33.79346467 7.57812881 4.21617412 -72.32704924 0.00000853 90.00008392 -29.90803142 9.39785193 -30.54714775 -72.32704924 0.00000853 90.00008392 -33.79346467 7.74872733 -3.6577327 -109.3591461 -0.00001195 89.99995419 -27.6816921 9.56713676 31.10515594 -109.3591461 -0.00001195 89.99995419 0 -0.00017075 0 -25.19212723 9.58157348 0 -90 -14.73177529 -0.00006267 0 13.70847512 0 0 -0.3350759 0 0 0 0 0 0 0 0.0000484 66.85409544 -0.00002584 0 6.76604939 0 0 2.84174584 0 0 12.75358487 0 0 0.51993107 0 0 1.66530654 0 0 -0.5728982 0 0 1.71870125 0 0 -1.1456865 0 0 7.84961651 0 -27.6816921 9.56713676 31.10515594 -109.3591461 -0.00001195 89.99995419 0 0 0 0 0 0
-29.92030712 9.37263106 -30.54714775 -72.36570738 0.01347937 89.98166653 -33.79346467 7.55318737 4.21617412 -72.36570738 0.01347937 89.98166653 -29.92030712 9.37263106 -30.54714775 -72.36570738 0.01347937 89.98166653 -33.79346467 7.72375298 -3.6577327 -109.32045744 0.01292954 90.01821136 -27.69307706 9.54061126 31.10515594 -109.32045744 0.01292954 90.01821136 0 -0.00017075 0 -25.19212723 9.58157348 0 -90.00000762 -14.73177911 -0.00006091 0 13.70847512 0 0 -0.3350759 0 0 0 0 0 0 0 0.0000484 66.85409544 -0.00002584 0 6.76604987 0 0 2.84174536 0 0 12.75358296 0 0 0.51993107 0 0 1.66530654 0 0 -0.5728982 0 0 1.71870089 0 0 -1.1456865 0 0 7.84961651 0 -27.69307706 9.54061126 31.10515594 -109.32045744 0.01292954 90.01821136 0 0 0 0 0 0
-29.92030712 9.34741019 -30.55823707 -72.36570738 -0.000613 90.00093078 -33.79346467 7.5282464 4.20400142 -72.36570738 -0.000613 90.00093078 -29.92030712 9.34741019 -30.55823707 -72.36570738 -0.000613 90.00093078 -33.79346467 7.69878003 -3.64471814 -109.32045744 -0.00061813 89.99910732 -27.69307706 9.51408767 31.11665153 -109.32045744 -0.00061813 89.99910732 0 -0.00017075 0 -25.19212723 9.58157348 0 -90 -14.73177529 -0.00006179 0 13.70847703 0 0 -0.33507587 0 0 0 0 0 0 0 0.0000484 66.85409544 -0.00002584 0 6.76604987 0 0 2.84174536 0 0 12.75358392 0 0 0.51993101 0 0 1.66530654 0 0 -0.5728982 0 0 1.71870101 0 0 -1.14568638 0 0 7.84961699 0 -27.69307706 9.51408767 31.11665153 -109.32045744 -0.00061813 89.99910732 0 0 0 0 0 0
-29.92030712 9.30958079 -30.55823707 -72.36570738 -0.000613 90.00093078 -33.79346467 7.49083375 4.20400142 -72.36570738 -0.000613 90.00093078 -29.92030712 9.30958079 -30.55823707 -72.36570738 -0.000613 90.00093078 -33.79346467 7.66131923 -3.64471814 -109.32045744 -0.00061813 89.99910732 -27.69307706 9.47430133 31.11665153 -109.32045744 -0.00061813 89.99910732 0 -0.00017075 0 -25.19212913 9.58157444 0 -89.9999847 -14.73177529 -0.00006179 0 13.70847512 0 0 -0.3350759 0 0 0 0 0 0 0 0.0000484 66.85408019 -0.00002584 0 6.76604987 0 0 2.84174536 0 0 12.75358392 0 0 0.51993101 0 0 1.66530642 0 0 -0.5728982 0 0 1.71870089 0 0 -1.1456865 0 0 7.84961651 0 -27.69307706 9.47430133 31.11665153 -109.32045744 -0.00061813 89.99910732 0 0 0 0 0 0
-29.93258282 9.27174853 -30.56932258 -72.40438079 0.01287661 89.98250576 -33.79346467 7.45342111 4.1918292 -72.40438079 0.01287661 89.98250576 -29.93258282 9.27174853 -30.56932258 -72.40438079 0.01287661 89.98250576 -33.79346467 7.6238589 -3.63170335 -109.28176879 0.01233702 90.0173645 -27.70446015 9.43451404 31.12814521 -109.28176879 0.01233702 90.0173645 0 -0.00017075 0 -25.19212723 9.58157348 0 -90 -14.73177529 -0.00006179 0 13.70847417 0 0 -0.3350759 0 0 0 0 0 0 0 0.0000484 66.85409544 -0.00002584 0 6.76604987 0 0 2.84174536 0 0 12.75358487 0 0 0.51993107 0 0 1.66530654 0 0 -0.5728982 0 0 1.71870089 0 0 -1.14568662 0 0 7.84961699 0 -27.70446015 9.43451404 31.12814521 -109.28176879 0.01233702 90.0173645 0 0 0 0 0 0
-29.93258282 9.22130775 -30.58040809 -72.40438079 -0.00123114 90.00177764 -33.79346467 7.40353774 4.1796565 -72.40438079 -0.00123114 90.00177764 -29.93258282 9.22130775 -30.58040809 -72.40438079 -0.00123114 90.00177764 -33.79346467 7.57391071 -3.61868855 -109.28176879 -0.00121065 89.99827572 -27.70446015 9.3814659 31.13963889 -109.28176879 -0.00121065 89.99827572 0 -0.00017075 0 -25.19212723 9.58157348 0 -90 -14.73177529 -0.00006179 0 13.70847512 0 0 -0.3350759 0 0 0 0 0 0 0 0.0000484 66.85409544 -0.00002584 0 6.76605035 0 0 2.84174536 0 0 12.75358583 0 0 0.51993107 0 0 1.66530666 0 0 -0.5728982 0 0 1.71870101 0 0 -1.14568638 0 0 7.84961651 0 -27.70446015 9.3814659 31.13963889 -109.28176879 -0.00121065 89.99827572 0 0 0 0 0 0
-29.93258282 9.17086696 -30.59149361 -72.44305419 0.01227385 89.98334499 -33.77845383 7.35365485 4.16748428 -72.44305419 0.01227385 89.98334499 -29.93258282 9.17086696 -30.59149361 -72.44305419 0.01227385 89.98334499 -33.79346467 7.5239644 -3.60567424 -109.24305724 0.011765 90.01654815 -27.70446015 9.32841681 31.15113449 -109.24305724 0.011765 90.01654815 0 -0.00017075 0 -25.19212723 9.58157348 0 -90 -14.73177529 -0.00006179 0 13.70847512 0 0 -0.33507587 0 0 0 0 0 0 0 0.0000484 66.85409544 -0.00002584 0 6.76604987 0 0 2.84174536 0 0 12.75358296 0 0 0.51993107 0 0 1.66530654 0 0 -0.5728982 0 0 1.71870089 0 0 -1.14568638 0 0 7.84961651 0 -27.70446015 9.32841681 31.15113449 -109.24305724 0.011765 90.01654815 0 0 0 0 0 0
-29.92030712 9.30958079 -30.55823707 -72.36570738 -0.000613 90.00093078 -33.79346467 7.49083375 4.20400142 -72.36570738 -0.000613 90.00093078 -29.92030712 9.30958079 -30.55823707 -72.36570738 -0.000613 90.00093078 -33.79346467 7.66131923 -3.64471814 -109.32045744 -0.00061813 89.99910732 -27.69307706 9.47430133 31.11665153 -109.32045744 -0.00061813 89.99910732 0 -0.00017075 0 -25.19212723 9.58157348 0 -90 -14.73177529 -0.00006179 0 13.70847512 0 0 -0.33507593 0 0 0 0 0 0 0 0.0000484 66.85409544 -0.00002584 0 6.76604987 0 0 2.8417456 0 0 12.75358487 0 0 0.51993107 0 0 1.66530654 0 0 -0.5728982 0 0 1.71870113 0 0 -1.14568662 0 0 7.84961651 0 -27.69307706 9.47430133 31.11665153 -109.32045744 -0.00061813 89.99910732 0 0 0 0 0 0
-29.9571323 9.057374 -30.61366651 -72.48175048 -0.00241788 90.00339508 -33.77845383 7.24141788 4.14313936 -72.48175048 -0.00241788 90.00339508 -29.9571323 9.057374 -30.61366651 -72.48175048 -0.00241788 90.00339508 -33.79346467 7.41158198 -3.57964467 -109.20436095 -0.00236495 89.99665066 -27.72722626 9.2090578 31.17412376 -109.20436095 -0.00236495 89.99665066 0 -0.00017075 0 -25.19212723 9.58157348 0 -90 -14.73177529 -0.00006179 0 13.70847607 0 0 -0.3350759 0 0 0 0 0 0 0 0.0000484 66.85409544 -0.00002584 0 6.76604939 0 0 2.84174536 0 0 12.75358487 0 0 0.51993107 0 0 1.66530654 0 0 -0.5728982 0 0 1.71870089 0 0 -1.1456865 0 0 7.84961651 0 -27.72722626 9.2090578 31.17412376 -109.20436095 -0.00236495 89.99665066 0 0 0 0 0 0
-29.9571323 8.9817123 -30.63583753 -72.48175048 -0.00241788 90.00339508 -33.77845383 7.16659402 4.11879443 -72.48175048 -0.00241788 90.00339508 -29.9571323 8.9817123 -30.63583753 -72.48175048 -0.00241788 90.00339508 -33.77483369 7.33666085 -3.55361557 -109.20436095 -0.00236495 89.99665066 -27.72722626 9.12948512 31.19711303 -109.20436095 -0.00236495 89.99665066 0 -0.00017075 0 -25.19212723 9.58157348 0 -90 -14.73177529 -0.00006179 0 13.70847417 0 0 -0.3350759 0 0 0 0 0 0 0 0.0000484 66.85409544 -0.00002584 0 6.76605035 0 0 2.8417456 0 0 12.75358583 0 0 0.51993101 0 0 1.66530654 0 0 -0.5728982 0 0 1.71870101 0 0 -1.14568638 0 0 7.84961651 0 -27.72722626 9.12948512 31.19711303 -109.20436095 -0.00236495 89.99665066 0 0 0 0 0 0
-29.969408 8.91866203 -30.64692494 -72.52044677 -0.0030104 90.00420379 -33.77845383 7.10423946 4.10662174 -72.52044677 -0.0030104 90.00420379 -29.969408 8.91866203 -30.64692494 -72.52044677 -0.0030104 90.00420379 -33.77483369 7.27422618 -3.54060053 -109.16564178 -0.00293527 89.99584957 -27.73861314 9.06317329 31.20860671 -109.16564178 -0.00293527 89.99584957 0 -0.00017075 0 -25.19212723 9.58157348 0 -90 -14.73177529 -0.00006091 0 13.70847512 0 0 -0.33507593 0 0 0 0 0 0 0 0.0000484 66.85410307 -0.00002584 0 6.76605035 0 0 2.8417456 0 0 12.75358583 0 0 0.51993101 0 0 1.66530666 0 0 -0.5728982 0 0 1.71870113 0 0 -1.14568638 0 0 7.84961651 0 -27.73861314 9.06317329 31.20860671 -109.16564178 -0.00293527 89.99584957 0 0 0 0 0 0
-29.98168369 8.83038996 -30.66909596 -72.55916595 -0.00358072 90.00497436 -33.77845383 7.01694393 4.08227682 -72.55916595 -0.00358072 90.00497436 -29.98168369 8.83038996 -30.66909596 -72.55916595 -0.00358072 90.00497436 -33.77483369 7.18681859 -3.51457142 -109.12689971 -0.00348851 89.99507137 -27.74999619 8.97033878 31.23159599 -109.12689971 -0.00348851 89.99507137 0 -0.00017075 0 -25.19212723 9.58157348 0 -90 -14.73177529 -0.00006179 0 13.70847607 0 0 -0.3350759 0 0 0 0 0 0 0 0.0000484 66.85408019 -0.00002584 0 6.76605035 0 0 2.84174536 0 0 12.75358296 0 0 0.51993107 0 0 1.66530642 0 0 -0.5728982 0 0 1.71870089 0 0 -1.14568638 0 0 7.84961699 0 -27.74999619 8.97033878 31.23159599 -109.12689971 -0.00348851 89.99507137 0 0 0 0 0 0
-29.99395939 8.75472737 -30.68018148 -72.59788513 0.0099789 89.98651119 -33.763443 6.94212004 4.07010459 -72.59788513 0.0099789 89.98651119 -29.99395939 8.75472737 -30.68018148 -72.59788513 0.0099789 89.98651119 -33.77483369 7.11189651 -3.50155663 -109.08817291 0.00954006 90.01337432 -27.76137925 8.89076613 31.24309158 -109.08817291 0.00954006 90.01337432 0 -0.00017075 0 -25.19212723 9.58157348 0 -90 -14.73177529 -0.00006179 0 13.70847607 0 0 -0.3350759 0 0 0 0 0 0 0 0.0000484 66.85409544 -0.00002584 0 6.76604939 0 0 2.84174536 0 0 12.75358487 0 0 0.51993107 0 0 1.66530654 0 0 -0.5728982 0 0 1.71870101 0 0 -1.14568638 0 0 7.84961651 0 -27.76137925 8.89076613 31.24309158 -109.08817291 0.00954006 90.01337432 0 0 0 0 0 0
-29.99395939 8.66645524 -30.70235444 -72.63661191 0.00942736 89.98727413 -33.763443 6.85482405 4.04575967 -72.63661191 0.00942736 89.98727413 -29.99395939 8.66645524 -30.70235444 -72.63661191 0.00942736 89.98727413 -33.77483369 7.0244894 -3.47552751 -109.04942321 0.00900389 90.01261138 -27.76137925 8.79793073 31.26607894 -109.04942321 0.00900389 90.01261138 0 -0.00017075 0 -25.19212913 9.58157348 0 -90 -14.73177529 -0.00006179 0 13.70847607 0 0 -0.3350759 0 0 0 0 0 0 0 0.0000484 66.85408019 -0.00002584 0 6.76604987 0 0 2.84174536 0 0 12.75358296 0 0 0.51993107 0 0 1.66530642 0 0 -0.5728982 0 0 1.71870077 0 0 -1.14568638 0 0 7.84961699 0 -27.76137925 8.79793073 31.26607894 -109.04942321 0.00900389 90.01261138 0 0 0 0 0 0
-30.00623321 8.57818412 -30.72452927 -72.63661191 -0.00471283 90.0065155 -33.763443 6.76752854 4.02141475 -72.63661191 -0.00471283 90.0065155 -30.00623321 8.57818412 -30.72452927 -72.63661191 -0.00471283 90.0065155 -33.77483369 6.93708082 -3.44949793 -109.04943084 -0.00458134 89.9935455 -27.77276421 8.70509434 31.28906822 -109.04943084 -0.00458134 89.9935455 0 -0.00017075 0 -25.19212723 9.58157348 0 -90.00000762 -14.7317772 -0.00006267 0 13.70847417 0 0 -0.3350759 0 0 0 0 0 0 0 0.0000484 66.85409544 -0.00002584 0 6.76604987 0 0 2.84174536 0 0 12.75358583 0 0 0.51993107 0 0 1.66530654 0 0 -0.5728982 0 0 1.71870101 0 0 -1.1456865 0 0 7.84961651 0 -27.77276421 8.70509434 31.28906822 -109.04943084 -0.00458134 89.9935455 0 0 0 0 0 0
-30.01850891 8.47730159 -30.74670029 -72.67535397 -0.00525753 90.00724029 -33.763443 6.66776273 3.9970698 -72.67535397 -0.00525753 90.00724029 -30.01850891 8.47730159 -30.74670029 -72.67535397 -0.00525753 90.00724029 -33.77483369 6.8371868 -3.42346882 -109.01067352 -0.00511751 89.99280544 -27.78414727 8.59899807 31.31205939 -109.01067352 -0.00511751 89.99280544 0 -0.00017075 0 -25.19212723 9.58157348 0 -90 -14.73177529 -0.00006179 0 13.70847607 0 0 -0.3350759 0 0 0 0 0 0 0 0.0000484 66.85409544 -0.00002584 0 6.76604987 0 0 2.84174536 0 0 12.75358487 0 0 0.51993107 0 0 1.66530654 0 0 -0.5728982 0 0 1.71870101 0 0 -1.14568662 0 0 7.84961699 0 -27.78414727 8.59899807 31.31205939 -109.01067352 -0.00511751 89.99280544 0 0 0 0 0 0
-30.03078651 8.38903044 -30.76887322 -72.71409608 -0.00580053 90.00798034 -33.763443 6.5804677 3.97272487 -72.71409608 -0.00580053 90.00798034 -30.03078651 8.38903044 -30.76887322 -72.71409608 -0.00580053 90.00798034 -33.77483369 6.7497778 -3.39743947 -108.97190853 -0.00563661 89.99208828 -27.79553033 8.50616264 31.33504675 -108.97190853 -0.00563661 89.99208828 0 -0.00017075 0 -25.19212723 9.58157348 0 -89.9999847 -14.73177529 -0.00006179 0 13.70847607 0 0 -0.3350759 0 0 0 0 0 0 0 0.0000484 66.85409544 -0.00002584 0 6.76604987 0 0 2.84174536 0 0 12.75358392 0 0 0.51993101 0 0 1.66530654 0 0 -0.5728982 0 0 1.71870089 0 0 -1.14568638 0 0 7.84961651 0 -27.79553033 8.50616264 31.33504675 -108.97190853 -0.00563661 89.99208828 0 0 0 0 0 0
-30.04306221 8.27553748 -30.79104425 -72.75286103 -0.00632304 90.00868225 -33.74843598 6.46823024 3.94837995 -72.75286103 -0.00632304 90.00868225 -30.04306221 8.27553748 -30.79104425 -72.75286103 -0.00632304 90.00868225 -33.77483369 6.63739631 -3.37141011 -108.93312069 -0.00615229 89.99136349 -27.80691336 8.38680266 31.35803603 -108.93312069 -0.00615229 89.99136349 0 -0.00017075 0 -25.19212723 9.58157348 0 -89.9999847 -14.73177529 -0.00006267 0 13.70847607 0 0 -0.3350759 0 0 0 0 0 0 0 0.0000484 66.85409544 -0.00002584 0 6.76605035 0 0 2.84174536 0 0 12.75358487 0 0 0.51993101 0 0 1.66530654 0 0 -0.5728982 0 0 1.71870113 0 0 -1.14568638 0 0 7.84961651 0 -27.80691336 8.38680266 31.35803603 -108.93312069 -0.00615229 89.99136349 0 0 0 0 0 0
-30.0553379 8.17465495 -30.81321715 -72.79162599 -0.00685067 90.00939178 -33.74843598 6.36846398 3.92403503 -72.79162599 -0.00685067 90.00939178 -30.0553379 8.17465495 -30.81321715 -72.79162599 -0.00685067 90.00939178 -33.77483369 6.53750228 -3.34538077 -108.8943405 -0.00666114 89.99066158 -27.81830023 8.28070545 31.3810253 -108.8943405 -0.00666114 89.99066158 0 -0.00017075 0 -25.19212913 9.58157348 0 -90 -14.73177529 -0.00006179 0 13.70847512 0 0 -0.33507587 0 0 0 0 0 0 0 0.0000484 66.85409544 -0.00002584 0 6.76604987 0 0 2.84174536 0 0 12.75358296 0 0 0.51993107 0 0 1.66530642 0 0 -0.5728982 0 0 1.71870101 0 0 -1.14568638 0 0 7.84961794 0 -27.81830023 8.28070545 31.3810253 -108.8943405 -0.00666114 89.99066158 0 0 0 0 0 0
-30.0676136 8.06116199 -30.83539007 -72.86919401 0.0063128 89.99154659 -33.74843598 6.25622701 3.89969014 -72.86919401 0.0063128 89.99154659 -30.0676136 8.06116199 -30.83539007 -72.86919401 0.0063128 89.99154659 -33.75620271 6.42511987 -3.31935142 -108.8167343 0.00598836 90.00834655 -27.82968329 8.16134643 31.40401458 -108.8167343 0.00598836 90.00834655 0 -0.00017075 0 -25.19212723 9.58157348 0 -90 -14.73177529 -0.00006179 0 13.70847512 0 0 -0.3350759 0 0 0 0 0 0 0 0.0000484 66.85409544 -0.00002584 0 6.76605035 0 0 2.84174536 0 0 12.75358392 0 0 0.51993107 0 0 1.66530654 0 0 -0.5728982 0 0 1.71870113 0 0 -1.1456865 0 0 7.84961651 0 -27.82968329 8.16134643 31.40401458 -108.8167343 0.00598836 90.00834655 0 0 0 0 0 0
-30.09216308 7.94766947 -30.8575611 -72.90798946 0.00582956 89.99221035 -33.73342133 6.14399051 3.87534521 -72.90798946 0.00582956 89.99221035 -30.09216308 7.94766947 -30.8575611 -72.90798946 0.00582956 89.99221035 -33.75620271 6.3127384 -3.29332208 -108.77793122 0.00551367 90.00767517 -27.85245131 8.04198646 31.42700194 -108.77793122 0.00551367 90.00767517 0 -0.00017075 0 -25.19212723 9.58157348 0 -90 -14.73177529 -0.00006179 0 13.70847417 0 0 -0.3350759 0 0 0 0 0 0 0 0.0000484 66.85409544 -0.00002584 0 6.76604987 0 0 2.84174536 0 0 12.75358487 0 0 0.51993107 0 0 1.66530654 0 0 -0.5728982 0 0 1.71870101 0 0 -1.14568638 0 0 7.84961699 0 -27.85245131 8.04198646 31.42700194 -108.77793122 0.00551367 90.00767517 0 0 0 0 0 0
-30.10443878 7.83417748 -30.87973211 -72.94680019 0.00534633 89.99286648 -33.73342133 6.03175306 3.8510003 -72.94680019 0.00534633 89.99286648 -30.10443878 7.83417748 -30.87973211 -72.94680019 0.00534633 89.99286648 -33.75620271 6.20035695 -3.26729297 -108.73911286 0.00505092 90.00702667 -27.86383437 7.92262693 31.44999312 -108.73911286 0.00505092 90.00702667 0 -0.00017075 0 -25.19212723 9.58157348 0 -90 -14.73177529 -0.00006179 0 13.70847512 0 0 -0.3350759 0 0 0 0 0 0 0 0.0000484 66.85409544 -0.00002584 0 6.76605035 0 0 2.84174536 0 0 12.75358392 0 0 0.51993107 0 0 1.66530654 0 0 -0.5728982 0 0 1.71870113 0 0 -1.14568638 0 0 7.84961651 0 -27.86383437 7.92262693 31.44999312 -108.73911286 0.00505092 90.00702667 0 0 0 0 0 0
-30.11671447 7.70807505 -30.91299244 -72.98561092 0.00487846 89.99349972 -33.73342133 5.9070458 3.81448291 -72.98561092 0.00487846 89.99349972 -30.11671447 7.70807505 -30.91299244 -72.98561092 0.00487846 89.99349972 -33.75620271 6.07548856 -3.22824859 -108.70027924 0.004595 90.0063858 -27.87521742 7.79000569 31.48447608 -108.70027924 0.004595 90.0063858 0 -0.00017075 0 -25.19212723 9.58157348 0 -89.9999847 -14.73177529 -0.00006179 0 13.70847607 0 0 -0.3350759 0 0 0 0 0 0 0 0.0000484 66.85409544 -0.00002584 0 6.76604987 0 0 2.84174536 0 0 12.75358487 0 0 0.51993107 0 0 1.66530654 0 0 -0.5728982 0 0 1.71870113 0 0 -1.1456865 0 0 7.84961651 0 -27.87521742 7.79000569 31.48447608 -108.70027924 0.004595 90.0063858 0 0 0 0 0 0
-30.12898826 7.58197117 -30.93516536 -73.02444458 -0.00978083 90.01330566 -33.73342133 5.78233815 3.79013802 -73.02444458 -0.00978083 90.01330566 -30.12898826 7.58197117 -30.93516536 -73.02444458 -0.00978083 90.01330566 -33.75620271 5.95061918 -3.20221948 -108.66143033 -0.00949908 89.98674007 -27.88660048 7.65738294 31.50746345 -108.66143033 -0.00949908 89.98674007 0 -0.00017075 0 -25.19212723 9.58157348 0 -90 -14.73177529 -0.00006179 0 13.70847512 0 0 -0.3350759 0 0 0 0 0 0 0 0.0000484 66.85409544 -0.00002584 0 6.76605035 0 0 2.84174536 0 0 12.75358487 0 0 0.51993107 0 0 1.66530654 0 0 -0.57289814 0 0 1.71870113 0 0 -1.14568638 0 0 7.84961651 0 -27.88660048 7.65738294 31.50746345 -108.66143033 -0.00949908 89.98674007 0 0 0 0 0 0
-30.14126396 7.44325923 -30.9684219 -73.10211944 0.00353291 89.99533077 -33.71841431 5.64515969 3.75362063 -73.10211944 0.00353291 89.99533077 -30.14126396 7.44325923 -30.9684219 -73.10211944 0.00353291 89.99533077 -33.75620271 5.81326435 -3.16317534 -108.58372497 0.00328873 90.00456237 -27.89798545 7.5114994 31.54194831 -108.58372497 0.00328873 90.00456237 0 -0.00017075 0 -25.19212723 9.58157348 0 -90 -14.73177529 -0.00006267 0 13.70847607 0 0 -0.3350759 0 0 0 0 0 0 0 0.0000484 66.85409544 -0.00002584 0 6.76604987 0 0 2.84174536 0 0 12.75358487 0 0 0.51993101 0 0 1.66530654 0 0 -0.5728982 0 0 1.71870113 0 0 -1.14568638 0 0 7.84961699 0 -27.89798545 7.5114994 31.54194831 -108.58372497 0.00328873 90.00456237 0 0 0 0 0 0
-30.16581535 7.30454586 -31.00168037 -73.14097595 0.00309749 89.99592587 -33.71841431 5.50798082 3.71710325 -73.14097595 0.00309749 89.99592587 -30.16581535 7.30454586 -31.00168037 -73.14097595 0.00309749 89.99592587 -33.75620271 5.67590854 -3.12413143 -108.54486084 0.00286867 90.00396728 -27.92075344 7.36561583 31.57643127 -108.54486084 0.00286867 90.00396728 0 -0.00017075 0 -25.19212723 9.58157348 0 -90 -14.73177529 -0.00006179 0 13.70847417 0 0 -0.3350759 0 0 0 0 0 0 0 0.0000484 66.85409544 -0.00002584 0 6.76605035 0 0 2.84174536 0 0 12.75358487 0 0 0.51993101 0 0 1.66530654 0 0 -0.5728982 0 0 1.71870101 0 0 -1.14568638 0 0 7.84961651 0 -27.92075344 7.36561583 31.57643127 -108.54486084 0.00286867 90.00396728 0 0 0 0 0 0
-30.17809104 7.15322256 -31.03494072 -73.21871184 0.00226762 89.99704739 -33.71841431 5.35833214 3.68058583 -73.21871184 0.00226762 89.99704739 -30.17809104 7.15322256 -31.03494072 -73.21871184 0.00226762 89.99704739 -33.73757554 5.5260663 -3.08508753 -108.46708678 0.00206271 90.00284576 -27.9321384 7.20646905 31.61091611 -108.46708678 0.00206271 90.00284576 0 -0.00017075 0 -25.19212723 9.58157348 0 -90 -14.73177529 -0.00006179 0 13.70847512 0 0 -0.3350759 0 0 0 0 0 0 0 0.0000484 66.85409544 -0.00002584 0 6.76604987 0 0 2.84174536 0 0 12.75358583 0 0 0.51993107 0 0 1.66530654 0 0 -0.5728982 0 0 1.71870101 0 0 -1.1456865 0 0 7.84961651 0 -27.9321384 7.20646905 31.61091611 -108.46708678 0.00206271 90.00284576 0 0 0 0 0 0
-30.20264053 6.98928829 -31.06819915 -73.25759887 0.00185781 89.9975967 -33.70340348 5.19621134 3.64406845 -73.25759887 0.00185781 89.9975967 -30.20264053 6.98928829 -31.06819915 -73.25759887 0.00185781 89.9975967 -33.73757554 5.36373709 -3.04604339 -108.42819213 0.0016751 90.00229644 -27.95490452 7.03406095 31.64539907 -108.42819213 0.0016751 90.00229644 0 -0.00017075 0 -25.19212723 9.58157348 0 -90 -14.7317772 -0.00006091 0 13.70847607 0 0 -0.3350759 0 0 0 0 0 0 0 0.0000484 66.85409544 -0.00002584 0 6.76604987 0 0 2.8417456 0 0 12.75358392 0 0 0.51993107 0 0 1.66530654 0 0 -0.5728982 0 0 1.71870101 0 0 -1.14568638 0 0 7.84961699 0 -27.95490452 7.03406095 31.64539907 -108.42819213 0.0016751 90.00229644 0 0 0 0 0 0
-30.22719192 6.837965 -31.10145759 -73.33540343 0.00108941 89.9986343 -33.70340348 5.04656171 3.60755083 -73.33540343 0.00108941 89.9986343 -30.22719192 6.837965 -31.10145759 -73.33540343 0.00108941 89.9986343 -33.73757554 5.21389484 -3.00699925 -108.35036467 0.00091695 90.00124359 -27.97767254 6.87491415 31.67988393 -108.35036467 0.00091695 90.00124359 0 -0.00017075 0 -25.19212723 9.58157348 0 -90 -14.73177529 -0.00006179 0 13.70847512 0 0 -0.3350759 0 0 0 0 0 0 0 0.0000484 66.85409544 -0.00002584 0 6.76604987 0 0 2.84174536 0 0 12.75358487 0 0 0.51993107 0 0 1.66530654 0 0 -0.5728982 0 0 1.71870101 0 0 -1.14568638 0 0 7.84961651 0 -27.97767254 6.87491415 31.67988393 -108.35036467 0.00091695 90.00124359 0 0 0 0 0 0
-30.23946571 6.66142079 -31.14580154 -73.41324614 0.00034833 89.99963375 -33.68839261 4.87197207 3.55886149 -73.41324614 0.00034833 89.99963375 -30.23946571 6.66142079 -31.14580154 -73.41324614 0.00034833 89.99963375 -33.73757554 5.03907871 -2.95494076 -108.27249145 0.00020149 90.00025939 -27.98905559 6.6892452 31.7258606 -108.27249145 0.00020149 90.00025939 0 -0.00017075 0 -25.19212723 9.58157348 0 -90 -14.73177529 -0.00006179 0 13.70847607 0 0 -0.3350759 0 0 0 0 0 0 0 0.0000484 66.85409544 -0.00002584 0 6.76604987 0 0 2.8417456 0 0 12.75358392 0 0 0.51993107 0 0 1.66530654 0 0 -0.5728982 0 0 1.71870101 0 0 -1.14568638 0 0 7.84961699 0 -27.98905559 6.6892452 31.7258606 -108.27249145 0.00020149 90.00025939 0 0 0 0 0 0
-30.26401901 6.48487758 -31.17905807 -73.45217895 -0.00001536 90.00012969 -33.68839261 4.69738099 3.52234387 -73.45217895 -0.00001536 90.00012969 -30.26401901 6.48487758 -31.17905807 -73.45217895 -0.00001536 90.00012969 -33.73757554 4.86426257 -2.91589685 -108.23355865 -0.00014343 89.99978634 -28.01182556 6.50357437 31.76034547 -108.23355865 -0.00014343 89.99978634 0 -0.00017075 0 -25.19212723 9.58157348 0 -90 -14.7317772 -0.00006002 0 13.70847417 0 0 -0.3350759 0 0 0 0 0 0 0 0.0000484 66.85409544 -0.00002584 0 6.76604987 0 0 2.84174536 0 0 12.75358487 0 0 0.51993107 0 0 1.66530654 0 0 -0.5728982 0 0 1.71870101 0 0 -1.1456865 0 0 7.84961651 0 -28.01182556 6.50357437 31.76034547 -108.23355865 -0.00014343 89.99978634 0 0 0 0 0 0
-30.2885704 6.3083329 -31.22340583 -73.53007507 -0.00068984 90.00102233 -33.68839261 4.52278947 3.47365402 -73.53007507 -0.00068984 90.00102233 -30.2885704 6.3083329 -31.22340583 -73.53007507 -0.00068984 90.00102233 -33.71894456 4.68944594 -2.8638377 -108.15563964 -0.00080083 89.99887081 -28.03459167 6.31790255 31.80632399 -108.15563964 -0.00080083 89.99887081 0 -0.00017075 0 -25.19212723 9.58157348 0 -90 -14.73177529 -0.00006091 0 13.70847512 0 0 -0.3350759 0 0 0 0 0 0 0 0.0000484 66.85409544 -0.00002584 0 6.76604987 0 0 2.8417456 0 0 12.75358583 0 0 0.51993101 0 0 1.66530654 0 0 -0.5728982 0 0 1.71870101 0 0 -1.14568638 0 0 7.84961651 0 -28.03459167 6.31790255 31.80632399 -108.15563964 -0.00080083 89.99887081 0 0 0 0 0 0
-30.30084608 6.13178968 -31.25666236 -73.60801694 -0.0013353 90.00189208 -33.67338559 4.34819935 3.4371364 -73.60801694 -0.0013353 90.00189208 -30.30084608 6.13178968 -31.25666236 -73.60801694 -0.0013353 90.00189208 -33.71894456 4.51463079 -2.82479404 -108.07767486 -0.0014275 89.99801632 -28.04597473 6.13223409 31.84080695 -108.07767486 -0.0014275 89.99801632 0 -0.00017075 0 -25.19212723 9.58157348 0 -90 -14.73177529 -0.00006179 0 13.70847607 0 0 -0.3350759 0 0 0 0 0 0 0 0.0000484 66.85409544 -0.00002584 0 6.76604987 0 0 2.84174536 0 0 12.75358583 0 0 0.51993101 0 0 1.66530654 0 0 -0.5728982 0 0 1.71870101 0 0 -1.14568638 0 0 7.84961699 0 -28.04597473 6.13223409 31.84080695 -108.07767486 -0.0014275 89.99801632 0 0 0 0 0 0
-30.32539557 5.9426355 -31.3010063 -73.68598935 -0.00194318 90.0027008 -33.67338559 4.16113758 3.38844655 -73.68598935 -0.00194318 90.0027008 -30.32539557 5.9426355 -31.3010063 -73.68598935 -0.00194318 90.0027008 -33.71894456 4.32732771 -2.77273536 -107.99967953 -0.00200978 89.9972076 -28.06874275 5.93330093 31.88678358 -107.99967953 -0.00200978 89.9972076 0 -0.00017075 0 -25.19212723 9.58157348 0 -90.00000762 -14.73177911 -0.00006267 0 13.70847512 0 0 -0.3350759 0 0 0 0 0 0 0 0.0000484 66.85409544 -0.00002584 0 6.76604987 0 0 2.8417456 0 0 12.75358296 0 0 0.51993107 0 0 1.66530654 0 0 -0.5728982 0 0 1.71870101 0 0 -1.14568638 0 0 7.84961651 0 -28.06874275 5.93330093 31.88678358 -107.99967953 -0.00200978 89.9972076 0 0 0 0 0 0
-30.34994696 5.75348092 -31.34535025 -73.76399995 0.01181964 89.98435207 -33.65837095 3.97407623 3.33975671 -73.76399995 0.01181964 89.98435207 -30.34994696 5.75348092 -31.34535025 -73.76399995 0.01181964 89.98435207 -33.71894456 4.14002466 -2.72067691 -107.92163845 0.01121004 90.01538848 -28.09151268 5.73436833 31.93276211 -107.92163845 0.01121004 90.01538848 0 -0.00017075 0 -25.19212723 9.58157348 0 -90 -14.73177529 -0.00006179 0 13.70847512 0 0 -0.3350759 0 0 0 0 0 0 0 0.0000484 66.85409544 -0.00002584 0 6.76604987 0 0 2.84174536 0 0 12.75358487 0 0 0.51993107 0 0 1.66530654 0 0 -0.5728982 0 0 1.71870101 0 0 -1.1456865 0 0 7.84961651 0 -28.09151268 5.73436833 31.93276211 -107.92163845 0.01121004 90.01538848 0 0 0 0 0 0
-30.37449644 5.56432676 -31.37861059 -73.8030319 -0.00277988 90.00379943 -33.65837095 3.78701402 3.30323957 -73.8030319 -0.00277988 90.00379943 -30.37449644 5.56432676 -31.37861059 -73.8030319 -0.00277988 90.00379943 -33.71894456 3.95272132 -2.68163273 -107.88259886 -0.00281916 89.99610134 -28.11427879 5.53543472 31.96724506 -107.88259886 -0.00281916 89.99610134 0 -0.00017075 0 -25.19212723 9.58157348 0 -90 -14.73177529 -0.00006179 0 13.70847512 0 0 -0.3350759 0 0 0 0 0 0 0 0.0000484 66.85409544 -0.00002584 0 6.76604987 0 0 2.84174536 0 0 12.75358487 0 0 0.51993107 0 0 1.66530654 0 0 -0.5728982 0 0 1.71870101 0 0 -1.14568638 0 0 7.84961651 0 -28.11427879 5.53543472 31.96724506 -107.88259886 -0.00281916 89.99610134 0 0 0 0 0 0
-30.39904784 5.37517212 -31.42295455 -73.88111113 -0.00328702 90.00447845 -33.64336392 3.59995246 3.2545495 -73.88111113 -0.00328702 90.00447845 -30.39904784 5.37517212 -31.42295455 -73.88111113 -0.00328702 90.00447845 -33.70031358 3.7654183 -2.62957379 -107.80451964 -0.00331434 89.99543758 -28.13704681 5.33650206 32.01322174 -107.80451964 -0.00331434 89.99543758 0 -0.00017075 0 -25.19212723 9.58157348 0 -90 -14.73177529 -0.00006179 0 13.70847512 0 0 -0.3350759 0 0 0 0 0 0 0 0.0000484 66.85409544 -0.00002584 0 6.76604987 0 0 2.84174536 0 0 12.75358487 0 0 0.51993107 0 0 1.66530654 0 0 -0.5728982 0 0 1.71870089 0 0 -1.14568638 0 0 7.84961651 0 -28.13704681 5.33650206 32.01322174 -107.80451964 -0.00331434 89.99543758 0 0 0 0 0 0
-30.42359733 5.17340802 -31.4672985 -73.95922085 -0.00375831 90.00509643 -33.64336392 3.40042089 3.20585989 -73.95922085 -0.00375831 90.00509643 -30.42359733 5.17340802 -31.4672985 -73.95922085 -0.00375831 90.00509643 -33.70031358 3.56562972 -2.57751536 -107.72637177 -0.00376514 89.9948196 -28.15981292 5.1243081 32.05920028 -107.72637177 -0.00376514 89.9948196 0 -0.00017075 0 -25.19212723 9.58157348 0 -90 -14.73177529 -0.00006179 0 13.70847607 0 0 -0.3350759 0 0 0 0 0 0 0 0.0000484 66.85409544 -0.00002584 0 6.76604987 0 0 2.84174536 0 0 12.75358392 0 0 0.51993107 0 0 1.66530654 0 0 -0.5728982 0 0 1.71870089 0 0 -1.1456865 0 0 7.84961699 0 -28.15981292 5.1243081 32.05920028 -107.72637177 -0.00376514 89.9948196 0 0 0 0 0 0
-30.44814872 4.98425384 -31.51164245 -74.0373764 -0.0041869 90.00566101 -33.62835309 3.21335863 3.15717005 -74.0373764 -0.0041869 90.00566101 -30.44814872 4.98425384 -31.51164245 -74.0373764 -0.0041869 90.00566101 -33.70031358 3.37832616 -2.52545642 -107.64821622 -0.00418349 89.99426266 -28.18258285 4.92537447 32.10518264 -107.64821622 -0.00418349 89.99426266 0 -0.00017075 0 -25.19212723 9.58157348 0 -90 -14.73177529 -0.00006179 0 13.70847512 0 0 -0.3350759 0 0 0 0 0 0 0 0.0000484 66.85409544 -0.00002584 0 6.74124099 0 0 2.84174536 0 0 12.75358392 0 0 0.51993101 0 0 1.66530654 0 0 -0.5728982 0 0 1.71870089 0 0 -1.14568638 0 0 7.84961651 0 -28.18258285 4.92537447 32.10518264 -107.64821622 -0.00418349 89.99426266 0 0 0 0 0 0
-30.47270202 4.78248979 -31.55599022 -74.11557769 -0.00457622 90.00616455 -33.62835309 3.01382684 3.10848021 -74.11557769 -0.00457622 90.00616455 -30.47270202 4.78248979 -31.55599022 -74.11557769 -0.00457622 90.00616455 -33.70031358 3.17853688 -2.47339796 -107.56999206 -0.00455573 89.99375149 -28.20535087 4.71318055 32.15115738 -107.56999206 -0.00455573 89.99375149 0 -0.00017075 0 -25.19212723 9.58157348 0 -90 -14.73177529 -0.00006179 0 13.70847512 0 0 -0.3350759 0 0 0 0 0 0 0 0.0000484 66.85409544 -0.00002584 0 6.7164321 0 0 2.84174536 0 0 12.75358487 0 0 0.51993107 0 0 1.66530654 0 0 -0.5728982 0 0 1.71870113 0 0 -1.14568638 0 0 7.84961651 0 -28.20535087 4.71318055 32.15115738 -107.56999206 -0.00455573 89.99375149 0 0 0 0 0 0
-30.4972515 4.59333563 -31.60033414 -74.19381714 -0.00492798 90.00662994 -33.61334226 2.82676552 3.05979037 -74.19381714 -0.00492798 90.00662994 -30.4972515 4.59333563 -31.60033414 -74.19381714 -0.00492798 90.00662994 -33.68168256 2.99123379 -2.4213395 -107.49174499 -0.00490407 89.9932861 -28.22811698 4.51424837 32.19713592 -107.49174499 -0.00490407 89.9932861 0 -0.00017075 0 -25.19212723 9.58157348 0 -90 -14.73177529 -0.00006179 0 13.70847512 0 0 -0.3350759 0 0 0 0 0 0 0 0.0000484 66.85409544 -0.00002584 0 6.69162319 0 0 2.84174536 0 0 12.75358487 0 0 0.51993107 0 0 1.66530654 0 0 -0.5728982 0 0 1.71870113 0 0 -1.14568638 0 0 7.84961651 0 -28.22811698 4.51424837 32.19713592 -107.49174499 -0.00490407 89.9932861 0 0 0 0 0 0
-30.5095272 4.39157103 -31.63359067 -74.27209472 -0.00523875 90.00702667 -33.61334226 2.62723324 3.02327275 -74.27209472 -0.00523875 90.00702667 -30.5095272 4.39157103 -31.63359067 -74.27209472 -0.00523875 90.00702667 -33.68168256 2.79144407 -2.38229535 -107.41345977 -0.00520631 89.992897 -28.23950004 4.30205343 32.23162078 -107.41345977 -0.00520631 89.992897 0 -0.00017075 0 -25.19212723 9.58157348 0 -90 -14.73177529 -0.00006179 0 13.70847512 0 0 -0.3350759 0 0 0 0 0 0 0 0.0000484 66.85409544 -0.00002584 0 6.64201352 0 0 2.84174536 0 0 12.75358392 0 0 0.51993107 0 0 1.66530654 0 0 -0.5728982 0 0 1.71870101 0 0 -1.14568638 0 0 7.84961651 0 -28.23950004 4.30205343 32.23162078 -107.41345977 -0.00520631 89.992897 0 0 0 0 0 0
-30.53407859 4.20241594 -31.67793462 -74.35041808 -0.00550854 90.00736999 -33.59833526 2.44017052 2.97458311 -74.35041808 -0.00550854 90.00736999 -30.53407859 4.20241594 -31.67793462 -74.35041808 -0.00550854 90.00736999 -33.68168256 2.60414001 -2.33023666 -107.3351364 0.00840283 90.01141357 -28.26226806 4.10311984 32.27759933 -107.3351364 0.00840283 90.01141357 0 -0.00017075 0 -25.19212723 9.58157348 0 -90 -14.73177529 -0.00006267 0 13.70847512 0 0 -0.3350759 0 0 0 0 0 0 0 0.0000484 66.85409544 -0.00002584 0 6.59239817 0 0 2.84174536 0 0 12.75358487 0 0 0.51993107 0 0 1.66530654 0 0 -0.5728982 0 0 1.71870101 0 0 -1.1456865 0 0 7.84961651 0 -28.26226806 4.10311984 32.27759933 -107.3351364 0.00840283 90.01141357 0 0 0 0 0 0
-30.55862808 4.01326227 -31.72228242 -74.42877959 0.00869824 89.98865505 -33.59833526 2.25310945 2.92589279 -74.42877959 0.00869824 89.98865505 -30.55862808 4.01326227 -31.72228242 -74.42877959 0.00869824 89.98865505 -33.68168256 2.41683744 -2.27817773 -107.25676727 0.00819793 90.01110839 -28.28503799 3.90418716 32.32357405 -107.25676727 0.00819793 90.01110839 0 -0.00017075 0 -25.19212723 9.58157348 0 -90 -14.73177529 -0.00006267 0 13.70847512 0 0 -0.3350759 0 0 0 0 0 0 0 0.0000484 66.8541107 -0.00002584 0 6.51797723 0 0 2.84174536 0 0 12.75358487 0 0 0.51993107 0 0 1.66530654 0 0 -0.5728982 0 0 1.71870101 0 0 -1.14568638 0 0 7.84961651 0 -28.28503799 3.90418716 32.32357405 -107.25676727 0.00819793 90.01110839 0 0 0 0 0 0
-30.58317947 3.82410858 -31.76662637 -74.50717163 0.00852236 89.98890682 -33.59833526 2.06604838 2.87720345 -74.50717163 0.00852236 89.98890682 -30.58317947 3.82410858 -31.76662637 -74.50717163 0.00852236 89.98890682 -33.66305539 2.22953533 -2.22611951 -107.17835998 0.00802547 90.01086425 -28.30780409 3.70525528 32.3695526 -107.17835998 0.00802547 90.01086425 0 -0.00017075 0 -25.19212913 9.58157348 0 -90 -14.73177529 -0.00006091 0 13.70847512 0 0 -0.3350759 0 0 0 0 0 0 0 0.0000484 66.85409544 -0.00002584 0 6.44356679 0 0 2.84174536 0 0 12.75358487 0 0 0.51993107 0 0 1.66530654 0 0 -0.5728982 0 0 1.71870101 0 0 -1.14568638 0 0 7.84961651 0 -28.30780409 3.70525528 32.3695526 -107.17835998 0.00802547 90.01086425 0 0 0 0 0 0
-30.60772893 3.63495347 -31.79988481 -74.54638671 -0.00600885 90.00800323 -33.58332061 1.87898598 2.84068559 -74.54638671 -0.00600885 90.00800323 -30.60772893 3.63495347 -31.79988481 -74.54638671 -0.00600885 90.00800323 -33.66305539 2.04223227 -2.18707537 -107.13913726 -0.0059508 89.99192043 -28.33057211 3.50632166 32.40403746 -107.13913726 -0.0059508 89.99192043 0 -0.00017075 0 -25.19212723 9.58157348 0 -90 -14.73177529 -0.00006091 0 13.70847512 0 0 -0.3350759 0 0 0 0 0 0 0 0.0000484 66.85409544 -0.00002584 0 6.36915205 0 0 2.84174536 0 0 12.75358392 0 0 0.51993107 0 0 1.66530654 0 0 -0.5728982 0 0 1.71870101 0 0 -1.14568638 0 0 7.84961651 0 -28.33057211 3.50632166 32.40403746 -107.13913726 -0.0059508 89.99192043 0 0 0 0 0 0
-30.63228032 3.45841049 -31.84422682 -74.62484738 -0.00614034 90.00815582 -33.58332061 1.70439602 2.79199601 -74.62484738 -0.00614034 90.00815582 -30.63228032 3.45841049 -31.84422682 -74.62484738 -0.00614034 90.00815582 -33.66305539 1.86741649 -2.13501691 -107.06066894 -0.00607374 89.99176022 -28.35333823 3.32065223 32.45001601 -107.06066894 -0.00607374 89.99176022 0 -0.00017075 0 -25.19212723 9.58157348 0 -90 -14.73177529 -0.00006179 0 13.70847512 0 0 -0.3350759 0 0 0 0 0 0 0 0.0000484 66.85409544 -0.00002584 0 6.26994275 0 0 2.84174536 0 0 12.75358487 0 0 0.51993107 0 0 1.66530654 0 0 -0.5728982 0 0 1.71870101 0 0 -1.1456865 0 0 7.84961651 0 -28.35333823 3.32065223 32.45001601 -107.06066894 -0.00607374 89.99176022 0 0 0 0 0 0
-30.64455602 3.28186631 -31.87748717 -74.70335389 -0.00622742 90.00827026 -33.56831359 1.52980542 2.75547887 -74.70335389 -0.00622742 90.00827026 -30.64455602 3.28186631 -31.87748717 -74.70335389 -0.00622742 90.00827026 -33.66305539 1.69260058 -2.09597277 -106.98216244 -0.00616083 89.99165341 -28.3647251 3.1349821 32.48449706 -106.98216244 -0.00616083 89.99165341 0 -0.00017075 0 -25.19212723 9.58157348 0 -90 -14.73177529 -0.00006179 0 13.68262956 0 0 -0.3350759 0 0 0 0 0 0 0 0.0000484 66.85409544 -0.00002584 0 6.17073154 0 0 2.84174536 0 0 12.75358487 0 0 0.51993107 0 0 1.66530654 0 0 -0.5728982 0 0 1.71870101 0 0 -1.14568638 0 0 7.84961651 0 -28.3647251 3.1349821 32.48449706 -106.98216244 -0.00616083 89.99165341 0 0 0 0 0 0
-30.6691055 3.10532235 -31.92183109 -74.78189088 0.00822354 89.98934933 -33.56831359 1.35521422 2.70678902 -74.78189088 0.00822354 89.98934933 -30.6691055 3.10532235 -31.92183109 -74.78189088 0.00822354 89.98934933 -33.66305539 1.51778483 -2.04391408 -106.90362545 0.00773348 90.01041412 -28.38749121 2.94931122 32.53047561 -106.90362545 0.00773348 90.01041412 0 -0.00017075 0 -25.19212723 9.58157348 0 -90 -14.73177529 -0.00006179 0 13.63093469 0 0 -0.38712387 0 0 0 0 0 0 0 0.00004847 66.8989334 -0.00002591 0 6.04673051 0 0 2.87410639 0 0 12.79644204 0 0 0.51993107 0 0 1.62066659 0 0 -0.5728982 0 0 1.74874569 0 0 -1.14568638 0 0 7.84961651 0 -28.38749121 2.94931122 32.53047561 -106.90362545 0.00773348 90.01041412 0 0 0 0 0 0
-30.6936588 2.92877861 -31.95508953 -74.82118223 -0.00628718 90.00833129 -33.55330276 1.18062365 2.67027161 -74.82118223 -0.00628718 90.00833129 -30.6936588 2.92877861 -31.95508953 -74.82118223 -0.00628718 90.00833129 -33.64442823 1.34296833 -2.00487017 -106.86433409 -0.00621376 89.99160763 -28.41025924 2.76364089 32.56496048 -106.86433409 -0.00621376 89.99160763 0 -0.03005283 0 -25.19212723 9.58157348 0 -89.9999847 -14.73177529 -0.00006091 0 13.55339336 0 0 -0.43917199 0 0 0 0 0 0 0 0.00004854 66.94373318 -0.00002598 0 5.94752975 0 0 2.90646787 0 0 12.83930109 0 0 0.5593636 0 0 1.53138077 0 0 -0.5728982 0 0 1.74874569 0 0 -1.11037659 0 0 7.84961651 0 -28.41025924 2.76364089 32.56496048 -106.86433409 -0.00621376 89.99160763 0 0 0 0 0 0
-30.71820832 2.75223375 -31.99943348 -74.89978789 -0.00627694 90.00830078 -33.55330276 1.00603246 2.62158176 -74.89978789 -0.00627694 90.00830078 -30.71820832 2.75223375 -31.99943348 -74.89978789 -0.00627694 90.00830078 -33.64442823 1.16815185 -1.9528112 -106.78572083 -0.00619498 89.99163815 -28.43302535 2.57797002 32.610939 -106.78572083 -0.00619498 89.99163815 0 -0.05993491 0 -25.19212723 9.56347274 0 -90 -14.73177529 -0.00006179 0 13.42417239 0 0 -0.49122038 0 0 0 0 0 0 0 0.00004861 66.98852535 -0.00002605 0 5.79874374 0 0 2.93882986 0 0 12.90359207 0 0 0.55936372 0 0 1.44209908 0 0 -0.5728982 0 0 1.77879072 0 0 -1.11037647 0 0 7.90282007 0 -28.43302535 2.57797002 32.610939 -106.78572083 -0.00619498 89.99163815 0 0 0 0 0 0
-30.73048402 2.56308078 -32.03269195 -74.97843929 -0.00621205 90.00821685 -33.55330276 0.81897132 2.58506441 -74.97843929 -0.00621205 90.00821685 -30.73048402 2.56308078 -32.03269195 -74.97843929 -0.00621205 90.00821685 -33.64442823 0.98084953 -1.91376742 -106.7070694 -0.00614204 89.99172207 -28.44440841 2.37903784 32.64542386 -106.7070694 -0.00614204 89.99172207 0 -0.05993491 0 -25.19212723 9.56347274 0 -90 -14.73177529 -0.00006179 0 13.29496955 0 0 -0.54326844 0 0 0 0 0 0 0 0.00004868 67.03327179 -0.00002613 0 5.67475745 0 0 3.00355339 0 0 12.96788784 0 0 0.59879619 0 0 1.35281538 0 0 -0.5728982 0 0 1.80883561 0 0 -1.0750668 0 0 7.90282007 0 -28.44440841 2.37903784 32.64542386 -106.7070694 -0.00614204 89.99172207 0 0 0 0 0 0
-30.75503541 2.38653587 -32.07703781 -75.05712127 0.00842333 89.9891357 -33.53829193 0.64438006 2.53637409 -75.05712127 0.00842333 89.9891357 -30.75503541 2.38653587 -32.07703781 -75.05712127 0.00842333 89.9891357 -33.64442823 0.80603306 -1.86170874 -106.62838742 0.00793838 90.01062774 -28.46717833 2.193367 32.6913986 -106.62838742 0.00793838 90.01062774 0 -0.08981721 0 -25.19212723 9.56347274 0 -90 -14.73177529 -0.00006179 0 13.11411571 0 0 -0.6473659 0 0 0 0 0 0 0 0.00004883 67.1227188 -0.00002627 0 5.5259881 0 0 3.06827879 0 0 13.07505607 0 0 0.63822892 0 0 1.1742525 0 0 -0.5728982 0 0 1.86892627 0 0 -1.03975725 0 0 7.95602461 0 -28.46717833 2.193367 32.6913986 -106.62838742 0.00793838 90.01062774 0 0 0 0 0 0
-30.77958489 2.19738221 -32.12138366 -75.13584136 0.00857871 89.9889526 -33.53829193 0.45731898 2.48768472 -75.13584136 0.00857871 89.9889526 -30.77958489 2.19738221 -32.12138366 -75.13584136 0.00857871 89.9889526 -33.64442823 0.61873081 -1.80965017 -106.54966735 0.00808182 90.01081848 -28.48994636 1.9944348 32.73737717 -106.54966735 0.00808182 90.01081848 0 -0.14957776 0 -25.19212723 9.54537105 0 -89.9999847 -14.73177529 -0.00006091 0 12.88163184 0 0 -0.80351345 0 0 0 0 0 0 0 0.00004897 67.21204375 -0.00002642 0 5.37722967 0 0 3.16536736 0 0 13.18223571 0 0 0.67766151 0 0 1.0403341 0 0 -0.5728982 0 0 1.92901679 0 0 -1.03975725 0 0 8.00923061 0 -28.48994636 1.9944348 32.73737717 -106.54966735 0.00808182 90.01081848 0 0 0 0 0 0
-30.80413626 2.02083706 -32.15464019 -75.1752243 -0.00589616 90.00777435 -33.52328109 0.28272709 2.45116686 -75.1752243 -0.00589616 90.00777435 -30.80413626 2.02083706 -32.15464019 -75.1752243 -0.00589616 90.00777435 -33.62579724 0.44391363 -1.77060581 -106.51029205 -0.00583468 89.9921722 -28.51271247 1.80876325 32.77186204 -106.51029205 -0.00583468 89.9921722 0 -0.17946029 0 -25.19212723 9.54537105 0 -90 -14.73177529 -0.00006179 0 12.64920613 0 0 -0.90761288 0 0 0 0 0 0 0 0.00004911 67.30126951 -0.00002657 0 5.20368718 0 0 3.23009562 0 0 13.3108692 0 0 0.71709467 0 0 0.81713836 0 0 -0.5728982 0 0 1.98910864 0 0 -1.0044471 0 0 8.00923061 0 -28.51271247 1.80876325 32.77186204 -106.51029205 -0.00583468 89.9921722 0 0 0 0 0 0
-30.82868574 1.83168422 -32.19898605 -75.25402069 -0.00568954 90.00749969 -33.52328109 0.09566663 2.40247749 -75.25402069 -0.00568954 90.00749969 -30.82868574 1.83168422 -32.19898605 -75.25402069 -0.00568954 90.00749969 -33.62579724 0.25661209 -1.71854759 -106.43150329 -0.0056349 89.99244686 -28.53548049 1.60983166 32.81784056 -106.43150329 -0.0056349 89.99244686 0 -0.23922411 0 -25.19212723 9.52727031 0 -90 -14.73177529 -0.00006179 0 12.36519907 0 0 -1.06376087 0 0 0 0 0 0 0 0.00004933 67.434906 -0.00002679 0 5.03015756 0 0 3.35955213 0 0 13.46095942 0 0 0.75652731 0 0 0.59394562 0 0 -0.5728982 0 0 2.04920029 0 0 -0.93382867 0 0 8.06243705 0 -28.53548049 1.60983166 32.81784056 -106.43150329 -0.0056349 89.99244686 0 0 0 0 0 0
-30.85323714 1.65514002 -32.2433319 -75.33285521 -0.00544878 90.00717163 -33.50827026 -0.07892393 2.35378741 -75.33285521 -0.00544878 90.00717163 -30.85323714 1.65514002 -32.2433319 -75.33285521 -0.00544878 90.00717163 -33.62579724 0.08179564 -1.66648886 -106.35267638 -0.00539755 89.9927673 -28.55824852 1.42416142 32.86381911 -106.35267638 -0.00539755 89.9927673 0 -0.26910626 0 -25.19212723 9.52727031 0 -90 -14.73177529 -0.00006179 0 12.05546188 0 0 -1.21991192 0 0 0 0 0 0 0 0.00004955 67.56831359 -0.00002702 0 4.85663937 0 0 3.4566481 0 0 13.61107347 0 0 0.79596032 0 0 0.37075697 0 0 -0.5728982 0 0 2.10929274 0 0 -0.89851938 0 0 8.11564826 0 -28.55824852 1.42416142 32.86381911 -106.35267638 -0.00539755 89.9927673 0 0 0 0 0 0
-30.86551283 1.46598624 -32.27658843 -75.41172789 0.00944273 89.98789211 -33.50827026 -0.26598572 2.31727026 -75.41172789 0.00944273 89.98789211 -30.86551283 1.46598624 -32.27658843 -75.41172789 0.00944273 89.98789211 -33.62579724 -0.10550696 -1.62744483 -106.27381133 0.00892193 90.01187896 -28.56963348 1.22522866 32.89830397 -106.27381133 0.00892193 90.01187896 0 -0.32887064 0 -25.19212723 9.50916862 0 -90 -14.73177529 -0.00006179 0 11.72001076 0 0 -1.37606524 0 0 0 0 0 0 0 0.00004985 67.74583436 -0.00002732 0 4.65833804 0 0 3.58611321 0 0 13.78266145 0 0 0.87482659 0 0 0.10292754 0 0 -0.5728982 0 0 2.19943261 0 0 -0.86321013 0 0 8.16885948 0 -28.56963348 1.22522866 32.89830397 -106.27381133 0.00892193 90.01187896 0 0 0 0 0 0
-30.89006232 1.28944206 -32.32093428 -75.49064636 0.0097757 89.98748012 -33.49326324 -0.4405763 2.26858043 -75.49064636 0.0097757 89.98748012 -30.89006232 1.28944206 -32.32093428 -75.49064636 0.0097757 89.98748012 -33.62579724 -0.28032311 -1.57538616 -106.19489288 0.0092549 90.01230621 -28.5923996 1.03955841 32.94428249 -106.19489288 0.0092549 90.01230621 0 -0.38863508 0 -25.19212723 9.49106788 0 -90 -14.73177529 -0.00006091 0 11.3588724 0 0 -1.58427357 0 0 0 0 0 0 0 0.00005008 67.87869261 -0.00002755 0 4.46005773 0 0 3.71558333 0 0 13.97573467 0 0 0.95369329 0 0 -0.1648979 0 0 -0.61772528 0 0 2.28957366 0 0 -0.79259194 0 0 8.22207069 0 -28.5923996 1.03955841 32.94428249 -106.19489288 0.0092549 90.01230621 0 0 0 0 0 0
-30.91461559 1.10028791 -32.35419081 -75.53012085 -0.00465648 90.0061264 -33.49326324 -0.62763807 2.23206281 -75.53012085 -0.00465648 90.0061264 -30.91461559 1.10028791 -32.35419081 -75.53012085 -0.00465648 90.0061264 -33.60716626 -0.467626 -1.53634214 -106.15542602 -0.00462403 89.99382015 -28.61516759 0.84062551 32.97876354 -106.15542602 -0.00462403 89.99382015 0 -0.4483962 0 -25.19212723 9.47296714 0 -90 -14.73177529 -0.00006179 0 10.97206016 0 0 -1.79248882 0 0 0 0 0 0 0 0.00005038 68.05551147 -0.00002787 0 4.26179075 0 0 3.87742661 0 0 14.16884899 0 0 0.99312689 0 0 -0.47736325 0 0 -0.61772528 0 0 2.37971638 0 0 -0.72197408 0 0 8.32850359 0 -28.61516759 0.84062551 32.97876354 -106.15542602 -0.00462403 89.99382015 0 0 0 0 0 0
-30.93916698 0.92374529 -32.39853667 -75.60910031 -0.00425691 90.0056076 -33.49326324 -0.80222742 2.18337345 -75.60910031 -0.00425691 90.0056076 -30.93916698 0.92374529 -32.39853667 -75.60910031 -0.00425691 90.0056076 -33.60716626 -0.64244059 -1.48428403 -106.07646179 -0.00424496 89.99433895 -28.63793752 0.65495661 33.02474212 -106.07646179 -0.00424496 89.99433895 0 -0.53804266 0 -25.19212723 9.45486545 0 -90 -14.73177529 -0.00006179 0 10.5596056 0 0 -2.00070691 0 0 0 0 0 0 0 0.00005069 68.23190307 -0.00002818 0 4.06353807 0 0 4.0392785 0 0 14.38346289 0 0 1.0719937 0 0 -0.78983004 0 0 -0.61772528 0 0 2.46985959 0 0 -0.68666545 0 0 8.38172148 0 -28.63793752 0.65495661 33.02474212 -106.07646179 -0.00424496 89.99433895 0 0 0 0 0 0
-30.95144077 0.74719901 -32.44288253 -75.68811795 -0.00382319 90.00502777 -33.4782524 -0.97682073 2.13468289 -75.68811795 -0.00382319 90.00502777 -30.95144077 0.74719901 -32.44288253 -75.68811795 -0.00382319 90.00502777 -33.60716626 -0.81725924 -1.4322245 -105.99744412 -0.00381978 89.99491879 -28.64932057 0.46928342 33.07072067 -105.99744412 -0.00381978 89.99491879 0 -0.59780878 0 -25.19212723 9.45486545 0 -90 -14.73177529 -0.00006267 0 10.12150382 0 0 -2.26099371 0 0 0 0 0 0 0 0.00005109 68.45184325 -0.00002859 0 3.84051345 0 0 4.20113992 0 0 14.61960504 0 0 1.15086293 0 0 -1.14695048 0 0 -0.61772528 0 0 2.59005546 0 0 -0.61604712 0 0 8.43494224 0 -28.64932057 0.46928342 33.07072067 -105.99744412 -0.00381978 89.99491879 0 0 0 0 0 0
-30.97599216 0.57065516 -32.47613906 -75.76719666 0.01130908 89.98557278 -33.4782524 -1.15141165 2.09816575 -75.76719666 0.01130908 89.98557278 -30.97599216 0.57065516 -32.47613906 -75.76719666 0.01130908 89.98557278 -33.60716626 -0.99207535 -1.3931806 -105.91839596 0.01074559 90.01422119 -28.67208669 0.28361293 33.10520553 -105.91839596 0.01074559 90.01422119 0 -0.68745646 0 -25.19212723 9.43676471 0 -90 -14.73177529 -0.00006267 0 9.63205144 0 0 -2.46922921 0 0 0 0 0 0 0 0.00005149 68.67115781 -0.00002899 0 3.61751196 0 0 4.39538239 0 0 14.85580634 0 0 1.26916563 0 0 -1.50407397 0 0 -0.61772558 0 0 2.71025325 0 0 -0.54542964 0 0 8.54138946 0 -28.67208669 0.28361293 33.10520553 -105.91839596 0.01074559 90.01422119 0 0 0 0 0 0
-31.0005455 0.39411105 -32.50939559 -75.80673979 -0.00308895 90.00408172 -33.46324157 -1.3260021 2.06164789 -75.80673979 -0.00308895 90.00408172 -31.0005455 0.39411105 -32.50939559 -75.80673979 -0.00308895 90.00408172 -33.60716626 -1.16689121 -1.35413645 -105.8788452 -0.00310944 89.99586483 -28.69485662 0.09794281 33.13968658 -105.8788452 -0.00310944 89.99586483 0 -0.77710111 0 -25.19212723 9.40056228 0 -90 -14.73177529 -0.00006091 0 9.14277648 0 0 -2.72953726 0 0 0 0 0 0 0 0.0000519 68.88986204 -0.00002941 0 3.36974119 0 0 4.55726194 0 0 15.11355113 0 0 1.34803484 0 0 -1.86121593 0 0 -0.66254565 0 0 2.83045338 0 0 -0.4395044 0 0 8.64784238 0 -28.69485662 0.09794281 33.13968658 -105.8788452 -0.00310944 89.99586483 0 0 0 0 0 0
-31.02509307 0.23017738 -32.55374527 -75.88587187 -0.00254253 90.00337219 -33.46324157 -1.48812233 2.01295828 -75.88587187 -0.00254253 90.00337219 -31.02509307 0.23017738 -32.55374527 -75.88587187 -0.00254253 90.00337219 -33.58853531 -1.32922052 -1.30207799 -105.79973603 -0.0025801 89.99656674 -28.71762086 -0.07446577 33.18566513 -105.79973603 -0.0025801 89.99656674 0 -0.86674969 0 -25.19212723 9.38246153 0 -90.00000762 -14.7317772 -0.00006179 0 8.62792584 0 0 -2.98985716 0 0 0 0 0 0 0 0.00005231 69.10799407 -0.00002983 0 3.12198591 0 0 4.78390695 0 0 15.37137697 0 0 1.42690503 0 0 -2.26301884 0 0 -0.66254565 0 0 2.95065733 0 0 -0.36888759 0 0 8.70107175 0 -28.71762086 -0.07446577 33.18566513 -105.79973603 -0.0025801 89.99656674 0 0 0 0 0 0
-31.03736877 0.05363479 -32.5870018 -75.96503445 0.01274001 89.98379513 -33.44823073 -1.66271171 1.97644122 -75.96503445 0.01274001 89.98379513 -31.03736877 0.05363479 -32.5870018 -75.96503445 0.01274001 89.98379513 -33.58853531 -1.50403523 -1.26303422 -105.72058869 0.0121287 90.01599884 -28.72900773 -0.26013466 33.22014999 -105.72058869 0.0121287 90.01599884 0 -0.95639809 0 -25.19212723 9.36435984 0 -90.00000762 -14.7317772 -0.00006179 0 8.06179809 0 0 -3.30225919 0 0 0 0 0 0 0 0.00005282 69.36888884 -0.00003035 0 2.87424682 0 0 4.97818752 0 0 15.65077207 0 0 1.5452106 0 0 -2.66485068 0 0 -0.66254565 0 0 3.10091495 0 0 -0.29827147 0 0 8.80753611 0 -28.72900773 -0.26013466 33.22014999 -105.72058869 0.0121287 90.01599884 0 0 0 0 0 0
-31.06191825 -0.1102988 -32.6202583 -76.00463867 -0.00165119 90.00222778 -33.44823073 -1.82483195 1.93992384 -76.00463867 -0.00165119 90.00222778 -31.06191825 -0.1102988 -32.6202583 -76.00463867 -0.00165119 90.00222778 -33.58853531 -1.66636428 -1.22399019 -105.68098447 -0.00170754 89.9977264 -28.75177384 -0.43254315 33.25463485 -105.68098447 -0.00170754 89.9977264 0 -1.07592773 0 -25.19212723 9.3462591 0 -90 -14.73177529 -0.00006179 0 7.49586295 0 0 -3.6146898 0 0 0 0 0 0 0 0.00005325 69.5856781 -0.00003079 0 2.62651965 0 0 5.20486926 0 0 15.93026348 0 0 1.6240823 0 0 -3.1113696 0 0 -0.70736623 0 0 3.22112607 0 0 -0.19234664 0 0 8.91400715 0 -28.75177384 -0.43254315 33.25463485 -105.68098447 -0.00170754 89.9977264 0 0 0 0 0 0
-31.07419395 -0.27423241 -32.66460416 -76.08388519 -0.00099208 90.00138092 -33.44823073 -1.98695191 1.89123403 -76.08388519 -0.00099208 90.00138092 -31.07419395 -0.27423241 -32.66460416 -76.08388519 -0.00099208 90.00138092 -33.58853531 -1.82869373 -1.1719315 -105.60176846 -0.00107233 89.99856564 -28.76315881 -0.60495135 33.30060957 -105.60176846 -0.00107233 89.99856564 0 -1.16557824 0 -25.19212723 9.32815741 0 -90 -14.73177529 -0.00006179 0 6.90439602 0 0 -3.87506769 0 0 0 0 0 0 0 0.00005387 69.88820647 -0.00003142 0 2.35404013 0 0 5.43157052 0 0 16.23135947 0 0 1.74239124 0 0 -3.55793571 0 0 -0.70736623 0 0 3.37139462 0 0 -0.08642207 0 0 9.02048873 0 -28.76315881 -0.60495135 33.30060957 -105.60176846 -0.00107233 89.99856564 0 0 0 0 0 0
-31.09874534 -0.42555686 -32.69786069 -76.12351226 -0.00064716 90.00094604 -33.43322371 -2.1366024 1.85471641 -76.12351226 -0.00064716 90.00094604 -31.09874534 -0.42555686 -32.69786069 -76.12351226 -0.00064716 90.00094604 -33.58853531 -1.97853716 -1.13288724 -105.56214904 -0.00073766 89.99901577 -28.78592492 -0.76409865 33.33509444 -105.56214904 -0.00073766 89.99901577 0 -1.28511404 0 -25.19212723 9.29195499 0 -90 -14.73177529 -0.00006179 0 6.28740882 0 0 -4.18755006 0 0 0 0 0 0 0 0.00005442 70.14659118 -0.00003198 0 2.08156538 0 0 5.65829417 0 0 16.5540905 0 0 1.86070298 0 0 -4.04922533 0 0 -0.75218684 0 0 3.52167034 0 0 0.01950318 0 0 9.12697696 0 -28.78592492 -0.76409865 33.33509444 -105.56214904 -0.00073766 89.99901577 0 0 0 0 0 0
-31.11102104 -0.57688015 -32.73112107 -76.20281219 0.0000683 90.00003051 -33.43322371 -2.28625154 1.8181989 -76.20281219 0.0000683 90.00003051 -31.11102104 -0.57688015 -32.73112107 -76.20281219 0.0000683 90.00003051 -33.56990814 -2.12837934 -1.09384322 -105.48286437 -0.00003585 89.99993893 -28.79730798 -0.92324456 33.36957548 -105.48286437 -0.00003585 89.99993893 0 -1.37476311 0 -25.19212723 9.27385425 0 -90 -14.73177529 -0.00006179 0 5.6449084 0 0 -4.55215025 0 0 0 0 0 0 0 0.00005507 70.44699859 -0.00003264 0 1.80910347 0 0 5.88503931 0 0 16.8769512 0 0 1.97901567 0 0 -4.4959135 0 0 -0.75218714 0 0 3.67195103 0 0 0.12542782 0 0 9.23347282 0 -28.79730798 -0.92324456 33.36957548 -105.48286437 -0.00003585 89.99993893 0 0 0 0 0 0
-31.13557243 -0.72820247 -32.76438142 -76.24247741 0.00044737 89.9995422 -33.43322371 -2.43589949 1.7816819 -76.24247741 0.00044737 89.9995422 -31.13557243 -0.72820247 -32.76438142 -76.24247741 0.00044737 89.9995422 -33.56990814 -2.27822041 -1.05479955 -105.44321441 0.00032101 90.00040435 -28.82007788 -1.08238959 33.40406035 -105.44321441 0.00032101 90.00040435 0 -1.49429988 0 -25.19212723 9.25575351 0 -90 -14.73177529 -0.00006179 0 4.97689958 0 0 -4.86469935 0 0 0 0 0 0 0 0.00005574 70.74630738 -0.00003332 0 1.53666102 0 0 6.1442027 0 0 17.19994545 0 0 2.09733009 0 0 -5.0320239 0 0 -0.79701443 0 0 3.85229491 0 0 0.23135168 0 0 9.33997534 0 -28.82007788 -1.08238959 33.40406035 -105.44321441 0.00032101 90.00040435 0 0 0 0 0 0
-31.14784812 -0.86691551 -32.78655244 -76.32184599 0.00123284 89.99854275 -33.41821288 -2.57307839 1.74516452 -76.32184599 0.00123284 89.99854275 -31.14784812 -0.86691551 -32.78655244 -76.32184599 0.00123284 89.99854275 -33.56990814 -2.41557597 -1.02877032 -105.3638687 0.00109283 90.00141143 -28.83146094 -1.22827374 33.42705153 -105.3638687 0.00109283 90.00141143 0 -1.61383912 0 -25.19212723 9.21955108 0 -90 -14.73177529 -0.00006179 0 4.30906199 0 0 -5.22938775 0 0 0 0 0 0 0 0.00005643 71.04450225 -0.00003402 0 1.23945069 0 0 6.40339993 0 0 17.54462623 0 0 2.25508689 0 0 -5.52356147 0 0 -0.79701443 0 0 4.0025897 0 0 0.33727659 0 0 9.44648837 0 -28.83146094 -1.22827374 33.42705153 -105.3638687 0.00109283 90.00141143 0 0 0 0 0 0
-31.17239951 -1.00562858 -32.81980894 -76.36154173 0.00163924 89.99803158 -33.41821288 -2.71025658 1.7208196 -76.36154173 0.00163924 89.99803158 -31.17239951 -1.00562858 -32.81980894 -76.36154173 0.00163924 89.99803158 -33.56990814 -2.55293155 -0.98972633 -105.32418059 0.00148898 90.00193786 -28.85422896 -1.37415753 33.46153258 -105.32418059 0.00148898 90.00193786 0 -1.7632624 0 -25.19212723 9.18334865 0 -90 -14.73177529 -0.00006179 0 3.59000897 0 0 -5.54202079 0 0 0 0 0 0 0 0.00005714 71.34161375 -0.00003474 0 0.94225576 0 0 6.69503496 0 0 17.88946722 0 0 2.37340735 0 0 -6.05990076 0 0 -0.84183524 0 0 4.1829524 0 0 0.44320171 0 0 9.60626981 0 -28.85422896 -1.37415753 33.46153258 -105.32418059 0.00148898 90.00193786 0 0 0 0 0 0
-31.1846733 -1.1443417 -32.85306929 -76.40125274 -0.01269561 90.01624298 -33.41821288 -2.84743498 1.68430218 -76.40125274 -0.01269561 90.01624298 -31.1846733 -1.1443417 -32.85306929 -76.40125274 -0.01269561 90.01624298 -33.56990814 -2.69028685 -0.95068201 -105.28447723 -0.01230287 89.98386379 -28.86561201 -1.52004134 33.49601745 -105.28447723 -0.01230287 89.98386379 0 -1.88280593 0 -25.19212723 9.16524696 0 -90 -14.73177529 -0.00006179 0 2.87109707 0 0 -5.90680977 0 0 0 0 0 0 0 0.00005798 71.67985532 -0.00003558 0 0.64506009 0 0 6.95430275 0 0 18.25604057 0 0 2.49173021 0 0 -6.59637022 0 0 -0.88665621 0 0 4.36332606 0 0 0.58443594 0 0 9.71280289 0 -28.86561201 -1.52004134 33.49601745 -105.28447723 -0.01230287 89.98386379 0 0 0 0 0 0
-31.196949 -1.28305482 -32.88632964 -76.48070525 0.00293698 89.99639126 -33.40320205 -2.98461338 1.6477848 -76.48070525 0.00293698 89.99639126 -31.196949 -1.28305482 -32.88632964 -76.48070525 0.00293698 89.99639126 -33.56990814 -2.82764242 -0.91163804 -105.20505523 0.00274915 90.00358581 -28.87699507 -1.66592536 33.5304985 -105.20505523 0.00274915 90.00358581 0 -2.00234961 0 -25.19212723 9.12904548 0 -90 -14.73177529 -0.00006179 0 2.12663316 0 0 -6.27166175 0 0 0 0 0 0 0 0.00005884 72.01674652 -0.00003646 0 0.32310934 0 0 7.24602126 0 0 18.6228008 0 0 2.6494982 0 0 -7.13298702 0 0 -0.88665621 0 0 4.54370975 0 0 0.69036201 0 0 9.87261675 0 -28.87699507 -1.66592536 33.5304985 -105.20505523 0.00274915 90.00358581 0 0 0 0 0 0
-31.22150039 -1.42176794 -32.90850063 -76.52044677 0.00339118 89.99581905 -33.40320205 -3.12179207 1.62343988 -76.52044677 0.00339118 89.99581905 -31.22150039 -1.42176794 -32.90850063 -76.52044677 0.00339118 89.99581905 -33.55127716 -2.96499797 -0.88560884 -105.16532134 0.00318799 90.00415039 -28.89976309 -1.81180917 33.55348968 -105.16532134 0.00318799 90.00415039 0 -2.15178299 0 -25.19212723 9.09284305 0 -90 -14.73177529 -0.00006179 0 1.35658918 0 0 -6.63657424 0 0 0 0 0 0 0 0.00005973 72.35227965 -0.00003736 0 0.0011543 0 0 7.53778839 0 0 18.9897575 0 0 2.80727146 0 0 -7.7144971 0 0 -0.93147715 0 0 4.75417186 0 0 0.83159785 0 0 9.97917076 0 -28.89976309 -1.81180917 33.55348968 -105.16532134 0.00318799 90.00415039 0 0 0 0 0 0
-31.23377609 -1.56048202 -32.94176098 -76.56019592 -0.01093171 90.01396942 -33.40320205 -3.25897169 1.58692217 -76.56019592 -0.01093171 90.01396942 -31.23377609 -1.56048202 -32.94176098 -76.56019592 -0.01093171 90.01396942 -33.55127716 -3.10235404 -0.84656457 -105.12557983 -0.0105902 89.98615261 -28.91114803 -1.95769425 33.58797454 -105.12557983 -0.0105902 89.98615261 0 -2.30122064 0 -25.19212723 9.07474136 0 -90 -14.73177529 -0.00006179 0 0.56093269 0 0 -7.05370283 0 0 0 0 0 0 0 0.00006078 72.72811127 -0.00003842 0 -0.32079621 0 0 7.82960366 0 0 19.37851141 0 0 2.92560573 0 0 -8.29621028 0 0 -0.97630574 0 0 4.93458267 0 0 0.93752648 0 0 10.13901901 0 -28.91114803 -1.95769425 33.58797454 -105.12557983 -0.0105902 89.98615261 0 0 0 0 0 0
-31.24604987 -1.69919512 -32.97501751 -76.63973996 0.00483065 89.99400326 -33.38819121 -3.39614986 1.55040479 -76.63973996 0.00483065 89.99400326 -31.24604987 -1.69919512 -32.97501751 -76.63973996 0.00483065 89.99400326 -33.55127716 -3.23970937 -0.80752061 -105.04607391 0.00458134 90.00595855 -28.92253299 -2.10357808 33.62245938 -105.04607391 0.00458134 90.00595855 0 -2.45066189 0 -25.19212723 9.03853893 0 -90 -14.73177529 -0.00006179 0 -0.23468452 0 0 -7.41876792 0 0 0 0 0 0 0 0.00006186 73.10232543 -0.00003951 0 -0.64274696 0 0 8.12147235 0 0 19.76749421 0 0 3.08338928 0 0 -8.87813662 0 0 -1.02112722 0 0 5.14507579 0 0 1.07876479 0 0 10.29888534 0 -28.92253299 -2.10357808 33.62245938 -105.04607391 0.00458134 90.00595855 0 0 0 0 0 0
-31.27060126 -1.83790801 -33.00827407 -76.67951962 0.00532583 89.99337765 -33.38819121 -3.53332877 1.5138874 -76.67951962 0.00532583 89.99337765 -31.27060126 -1.83790801 -33.00827407 -76.67951962 0.00532583 89.99337765 -33.55127716 -3.3770654 -0.76847673 -105.00630187 0.00506629 90.00658416 -28.94529911 -2.24946212 33.65694043 -105.00630187 0.00506629 90.00658416 0 -2.60010669 0 -25.19212723 9.0023365 0 -90 -14.73177529 -0.00006179 0 -1.05598163 0 0 -7.83607386 0 0 0 0 0 0 0 0.00006299 73.4749298 -0.00004065 0 -0.96470966 0 0 8.44582843 0 0 20.15670013 0 0 3.24117707 0 0 -9.46028899 0 0 -1.06594872 0 0 5.32551192 0 0 1.22000455 0 0 10.40547274 0 -28.94529911 -2.24946212 33.65694043 -105.00630187 0.00506629 90.00658416 0 0 0 0 0 0
-31.28287696 -1.97662123 -33.03044509 -76.71932221 -0.00897145 90.01144409 -33.38819121 -3.67050693 1.48954236 -76.71932221 -0.00897145 90.01144409 -31.28287696 -1.97662123 -33.03044509 -76.71932221 -0.00897145 90.01144409 -33.55127716 -3.5144205 -0.74244721 -104.96652218 -0.00869653 89.98865505 -28.95668217 -2.39534591 33.6799278 -104.96652218 -0.00869653 89.98865505 0 -2.74955631 0 -25.19212723 8.96613499 0 -90 -14.73177529 -0.00006179 0 -1.87733339 0 0 -8.20130347 0 0 0 0 0 0 0 0.00006417 73.84584807 -0.00004184 0 -1.31144105 0 0 8.77025414 0 0 20.56778717 0 0 3.39897178 0 0 -10.04268646 0 0 -1.11077046 0 0 5.53603696 0 0 1.36124657 0 0 10.56537532 0 -28.95668217 -2.39534591 33.6799278 -104.96652218 -0.00869653 89.98865505 0 0 0 0 0 0
-31.30742644 -2.10272288 -33.06370544 -76.79894258 0.00689166 89.99141689 -33.37318037 -3.79521371 1.45302545 -76.79894258 0.00689166 89.99141689 -31.30742644 -2.10272288 -33.06370544 -76.79894258 0.00689166 89.99141689 -33.55127716 -3.63928792 -0.70340348 -104.88692473 0.00658771 90.00855255 -28.97945018 -2.52796673 33.7144127 -104.88692473 0.00658771 90.00855255 0 -2.89900921 0 -25.19212723 8.92993255 0 -90 -14.73177529 -0.00006179 0 -2.75011874 0 0 -8.61880776 0 0 0 0 0 0 0 0.00006539 74.21514129 -0.00004308 0 -1.65818188 0 0 9.09474659 0 0 20.97913929 0 0 3.59622311 0 0 -10.67017266 0 0 -1.15559876 0 0 5.74657965 0 0 1.53780031 0 0 10.72529317 0 -28.97945018 -2.52796673 33.7144127 -104.88692473 0.00658771 90.00855255 0 0 0 0 0 0
-31.31970213 -2.241436 -33.08587646 -76.83877562 0.00744149 89.99073788 -33.37318037 -3.93239208 1.42868041 -76.83877562 0.00744149 89.99073788 -31.31970213 -2.241436 -33.08587646 -76.83877562 0.00744149 89.99073788 -33.53264617 -3.77664352 -0.67737421 -104.84711455 0.00712047 90.00923919 -28.99083325 -2.67385051 33.73740388 -104.84711455 0.00712047 90.00923919 0 -3.04846811 0 -25.19212723 8.89373015 0 -90 -14.73177529 -0.00006179 0 -3.62307641 0 0 -9.0364294 0 0 0 0 0 0 0 0.00006682 74.6237106 -0.00004451 0 -2.00494718 0 0 9.41931723 0 0 21.39076804 0 0 3.75403262 0 0 -11.29798317 0 0 -1.20042085 0 0 5.95714375 0 0 1.67904708 0 0 10.88523482 0 -28.99083325 -2.67385051 33.73740388 -104.84711455 0.00712047 90.00923919 0 0 0 0 0 0
-31.33197974 -2.36753987 -33.1191368 -76.87860869 -0.00684555 90.00873565 -33.37318037 -4.05710077 1.39216279 -76.87860869 -0.00684555 90.00873565 -31.33197974 -2.36753987 -33.1191368 -76.87860869 -0.00684555 90.00873565 -33.53264617 -3.90151306 -0.63833007 -104.80728911 -0.00662357 89.99137875 -29.00222015 -2.80647348 33.77188492 -104.80728911 -0.00662357 89.99137875 0 -3.2278273 0 -25.19212723 8.85752772 0 -90 -14.73177529 -0.00006179 0 -4.49624442 0 0 -9.45417403 0 0 0 0 0 0 0 0.00006832 75.03036499 -0.00004602 0 -2.37649797 0 0 9.7439642 0 0 21.82436751 0 0 3.91185041 0 0 -11.92613884 0 0 -1.29006588 0 0 6.19781398 0 0 1.8202977 0 0 11.04520034 0 -29.00222015 -2.80647348 33.77188492 -104.80728911 -0.00662357 89.99137875 0 0 0 0 0 0
-31.34425352 -2.49364256 -33.14130783 -76.91846462 -0.00627865 90.00801849 -33.35817336 -4.18180847 1.36781774 -76.91846462 -0.00627865 90.00801849 -31.34425352 -2.49364256 -33.14130783 -76.91846462 -0.00627865 90.00801849 -33.53264617 -4.02638149 -0.61230078 -104.76744843 -0.00608057 89.99208828 -29.01360321 -2.93909474 33.79487611 -104.76744843 -0.00608057 89.99208828 0 -3.3772981 0 -25.19212723 8.82132529 0 -90 -14.73177529 -0.00006179 0 -5.39536332 0 0 -9.87203978 0 0 0 0 0 0 0 0.00006989 75.43516539 -0.00004761 0 -2.72329832 0 0 10.1011629 0 0 22.25827789 0 0 4.10913181 0 0 -12.59956264 0 0 -1.33489536 0 0 6.40842055 0 0 1.99686297 0 0 11.20518588 0 -29.01360321 -2.93909474 33.79487611 -104.76744843 -0.00608057 89.99208828 0 0 0 0 0 0
-31.35653113 -2.60713479 -33.17456435 -76.99819943 0.00973643 89.98787685 -33.35817336 -4.29404497 1.3313006 -76.99819943 0.00973643 89.98787685 -31.35653113 -2.60713479 -33.17456435 -76.99819943 0.00973643 89.98787685 -33.53264617 -4.13876342 -0.57325661 -104.68774411 0.00935223 90.01210021 -29.02498817 -3.05845427 33.82935713 -104.68774411 0.00935223 90.01210021 0 -3.55667114 0 -25.19212723 8.78512383 0 -90 -14.73177529 -0.00006179 0 -6.32051419 0 0 -10.29004001 0 0 0 0 0 0 0 0.00007172 75.87824248 -0.00004945 0 -3.0948987 0 0 10.4584608 0 0 22.69251439 0 0 4.26696586 0 0 -13.22847842 0 0 -1.37971852 0 0 6.64914319 0 0 2.17343258 0 0 11.36519144 0 -29.02498817 -3.05845427 33.82935713 -104.68774411 0.00935223 90.01210021 0 0 0 0 0 0
-31.38108061 -2.72062684 -33.19673919 -77.03808593 0.01034261 89.98712154 -33.35817336 -4.40628146 1.3069558 -77.03808593 0.01034261 89.98712154 -31.38108061 -2.72062684 -33.19673919 -77.03808593 0.01034261 89.98712154 -33.53264617 -4.25114393 -0.54722756 -104.64788816 0.00993109 90.0128479 -29.04775428 -3.17781305 33.85234831 -104.64788816 0.00993109 90.0128479 0 -3.73605157 0 -25.19212723 8.7489214 0 -90 -14.73177529 -0.00006179 0 -7.24607848 0 0 -10.70817471 0 0 0 0 0 0 0 0.00007348 76.27918243 -0.00005121 0 -3.46653556 0 0 10.81585882 0 0 23.1270771 0 0 4.46426772 0 0 -13.90275665 0 0 -1.46936416 0 0 6.85979651 0 0 2.31469177 0 0 11.57856559 0 -29.04775428 -3.17781305 33.85234831 -104.64788816 0.00993109 90.0128479 0 0 0 0 0 0
-31.39335631 -2.8341193 -33.21891402 -77.07797241 0.01095903 89.98636623 -33.35817336 -4.51851844 1.28261089 -77.07797241 0.01095903 89.98636623 -31.39335631 -2.8341193 -33.21891402 -77.07797241 0.01095903 89.98636623 -33.53264617 -4.36352585 -0.52119833 -104.60800931 0.01053044 90.01361084 -29.05913734 -3.29717302 33.87533568 -104.60800931 0.01053044 90.01361084 0 -3.91544004 0 -25.19212723 8.69461725 0 -90 -14.73177529 -0.00006179 0 -8.19784927 0 0 -11.1264553 0 0 0 0 0 0 0 0.00007552 76.71819306 -0.00005327 0 -3.86298512 0 0 11.17336559 0 0 23.5619812 0 0 4.62212035 0 0 -14.53252697 0 0 -1.5141946 0 0 7.10057353 0 0 2.49127125 0 0 11.73862458 0 -29.05913734 -3.29717302 33.87533568 -104.60800931 0.01053044 90.01361084 0 0 0 0 0 0
-31.40563201 -2.93500133 -33.24108505 -77.11788177 0.01157887 89.98558803 -33.34315871 -4.6182842 1.25826597 -77.11788177 0.01157887 89.98558803 -31.40563201 -2.93500133 -33.24108505 -77.11788177 0.01157887 89.98558803 -33.53264617 -4.46342086 -0.4951688 -104.56811523 0.01113833 90.01438903 -29.0705204 -3.40327 33.89832686 -104.56811523 0.01113833 90.01438903 0 -4.094841 0 -25.19212723 8.65841577 0 -90 -14.73177529 -0.00006179 0 -9.15018654 0 0 -11.59719562 0 0 0 0 0 0 0 0.0000777 77.15504455 -0.00005545 0 -4.23469781 0 0 11.53098011 0 0 23.99722859 0 0 4.8194475 0 0 -15.2077732 0 0 -1.60384223 0 0 7.34138201 0 0 2.66785714 0 0 11.89870738 0 -29.0705204 -3.40327 33.89832686 -104.56811523 0.01113833 90.01438903 0 0 0 0 0 0
-31.4179058 -3.02327346 -33.26325607 -77.15780639 0.0122192 89.98480221 -33.34315871 -4.70557976 1.23392104 -77.15780639 0.0122192 89.98480221 -31.4179058 -3.02327346 -33.26325607 -77.15780639 0.0122192 89.98480221 -33.53264617 -4.55082893 -0.4691396 -104.5282135 0.01176158 90.01518249 -29.08190345 -3.49610543 33.9213142 -104.5282135 0.01176158 90.01518249 0 -4.27425098 0 -25.19212723 8.62221334 0 -90 -14.73177529 -0.00006179 0 -10.10315894 0 0 -12.01580047 0 0 0 0 0 0 0 0.00008002 77.58985901 -0.00005778 0 -4.63124082 0 0 11.8887081 0 0 24.45461463 0 0 5.01679086 0 0 -15.88354872 0 0 -1.69349775 0 0 7.58222294 0 0 2.84444903 0 0 12.05881309 0 -29.08190345 -3.49610543 33.9213142 -104.5282135 0.01176158 90.01518249 0 0 0 0 0 0
-31.4179058 -3.11154556 -33.28542709 -77.19773864 0.01287661 89.98397823 -33.34315871 -4.7928753 1.20957612 -77.19773864 0.01287661 89.98397823 -31.4179058 -3.11154556 -33.28542709 -77.19773864 0.01287661 89.98397823 -33.51401519 -4.63823697 -0.44311037 -104.48831176 0.01239167 90.01598358 -29.08190345 -3.58894062 33.94430538 -104.48831176 0.01239167 90.01598358 0 -4.45367192 0 -25.19212723 8.56790924 0 -90 -14.73177529 -0.00006179 0 -11.08261871 0 0 -12.43456363 0 0 0 0 0 0 0 0.00008273 78.06186676 -0.0000605 0 -5.00304985 0 0 12.27908801 0 0 24.91239925 0 0 5.21414708 0 0 -16.55988312 0 0 -1.78314746 0 0 7.82309721 0 0 3.02104759 0 0 12.27232265 0 -29.08190345 -3.58894062 33.94430538 -104.48831176 0.01239167 90.01598358 0 0 0 0 0 0
-31.43018149 -3.19981742 -33.2965126 -77.19773864 -0.00202173 90.00265502 -33.34315871 -4.88017033 1.19740367 -77.19773864 -0.00202173 90.00265502 -31.43018149 -3.19981742 -33.2965126 -77.19773864 -0.00202173 90.00265502 -33.51401519 -4.72564507 -0.4300956 -104.48830413 -0.00194318 89.99747463 -29.09329033 -3.68177578 33.95579906 -104.48830413 -0.00194318 89.99747463 0 -4.63310382 0 -25.19212723 8.53170776 0 -90 -14.73177529 -0.00006179 0 -12.08869743 0 0 -12.9058723 0 0 0 0 0 0 0 0.00008565 78.53145599 -0.00006343 0 -5.3997054 0 0 12.63706204 0 0 25.37059019 0 0 5.41152047 0 0 -17.23679542 0 0 -1.87280498 0 0 8.09412289 0 0 3.23297595 0 0 12.43248366 0 -29.09329033 -3.68177578 33.95579906 -104.48830413 -0.00194318 89.99747463 0 0 0 0 0 0
-31.44245719 -3.26286911 -33.31868742 -77.23767089 -0.00136603 90.00182342 -33.34315871 -4.94252535 1.17305862 -77.23767089 -0.00136603 90.00182342 -31.44245719 -3.26286911 -33.31868742 -77.23767089 -0.00136603 90.00182342 -33.51401519 -4.78807927 -0.40406599 -104.44837951 -0.00130968 89.99829098 -29.10467338 -3.74808741 33.97878643 -104.44837951 -0.00130968 89.99829098 0 -4.84245537 0 -25.19212723 8.49550437 0 -90 -14.73177529 -0.00006179 0 -13.06988811 0 0 -13.3250017 0 0 0 0 0 0 0 0.0000888 78.99871822 -0.00006659 0 -5.82122658 0 0 13.02772808 0 0 25.80734442 0 0 5.60891005 0 0 -17.95950886 0 0 -1.96245786 0 0 8.3350725 0 0 3.40959238 0 0 12.64607045 0 -29.10467338 -3.74808741 33.97878643 -104.44837951 -0.00130968 89.99829098 0 0 0 0 0 0
-31.45473289 -3.32592033 -33.32977293 -77.27762603 0.0142102 89.98233791 -33.32815169 -5.00487899 1.16088616 -77.27762603 0.0142102 89.98233791 -31.45473289 -3.32592033 -33.32977293 -77.27762603 0.0142102 89.98233791 -33.51401519 -4.85051392 -0.39105155 -104.40845488 0.01368769 90.01763153 -29.11605644 -3.8143978 33.99028011 -104.40845488 0.01368769 90.01763153 0 -5.02191305 0 -25.19212723 8.4412012 0 -90 -14.73177529 -0.00006179 0 -14.07789325 0 0 -13.74430753 0 0 0 0 0 0 0 0.00009221 79.4636917 -0.00007001 0 -6.21802043 0 0 13.41853808 0 0 26.26634406 0 0 5.80631588 0 0 -18.63770291 0 0 -2.05211782 0 0 8.57605934 0 0 3.62154099 0 0 12.85970114 0 -29.11605644 -3.8143978 33.99028011 -104.40845488 0.01368769 90.01763153 0 0 0 0 0 0
-31.45473289 -3.37636183 -33.34085844 -77.27762603 -0.00070009 90.00099182 -33.32815169 -5.05476141 1.1487137 -77.27762603 -0.00070009 90.00099182 -31.45473289 -3.37636183 -33.34085844 -77.27762603 -0.00070009 90.00099182 -33.51401519 -4.90046116 -0.37803675 -104.40845488 -0.00065569 89.99913784 -29.11605644 -3.86744688 34.00177383 -104.40845488 -0.00065569 89.99913784 0 -5.23129462 0 -25.19212723 8.40499972 0 -90 -14.73177529 -0.00006179 0 -15.11288165 0 0 -14.21624374 0 0 0 0 0 0 0 0.00009592 79.92636867 -0.00007373 0 -6.63969752 0 0 13.8095064 0 0 26.74766923 0 0 6.04322528 0 0 -19.31655691 0 0 -2.14177226 0 0 8.84721373 0 0 3.79817439 0 0 13.01995277 0 -29.11605644 -3.86744688 34.00177383 -104.40845488 -0.00065569 89.99913784 0 0 0 0 0 0
-31.45473289 -3.42680239 -33.35194777 -77.27762603 -0.00070009 90.00099182 -33.32815169 -5.10464429 1.13654136 -77.27762603 -0.00070009 90.00099182 -31.45473289 -3.42680239 -33.35194777 -77.27762603 -0.00070009 90.00099182 -33.51401519 -4.95040794 -0.36502211 -104.40845488 -0.00065569 89.99913784 -29.11605644 -3.92049499 34.01327133 -104.40845488 -0.00065569 89.99913784 0 -5.44069289 0 -25.19212723 8.3506956 0 -90 -14.73177529 -0.00006179 0 -16.12318801 0 0 -14.63594625 0 0 0 0 0 0 0 0.00009997 80.38685606 -0.00007779 0 -7.03664779 0 0 14.20063399 0 0 27.18564796 0 0 6.24066734 0 0 -19.99609371 0 0 -2.2314341 0 0 9.08828067 0 0 4.01014566 0 0 13.23365974 0 -29.11605644 -3.92049499 34.01327133 -104.40845488 -0.00065569 89.99913784 0 0 0 0 0 0
-31.46700858 -3.45202302 -33.36303328 -77.31758879 -0.00002219 90.00014495 -33.32815169 -5.12958621 1.1243689 -77.31758879 -0.00002219 90.00014495 -31.46700858 -3.45202302 -33.36303328 -77.31758879 -0.00002219 90.00014495 -33.51401519 -4.97538229 -0.35200764 -104.36850737 -0.0000017 89.99997707 -29.1274414 -3.9470193 34.02476501 -104.36850737 -0.0000017 89.99997707 0 -5.62019155 0 -25.19212723 8.31449412 0 -90 -14.73177529 -0.00006179 0 -17.16071701 0 0 -15.05584717 0 0 0 0 0 0 0 0.0001048 80.88329314 -0.00008262 0 -7.45850419 0 0 14.59193134 0 0 27.66789434 0 0 6.43812989 0 0 -20.72172166 0 0 -2.32109116 0 0 9.35953139 0 0 4.22213124 0 0 13.44741534 0 -29.1274414 -3.9470193 34.02476501 -104.36850737 -0.0000017 89.99997707 0 0 0 0 0 0
-31.46700858 -3.47724341 -33.36303328 -77.31758879 -0.00002219 90.00014495 -33.32815169 -5.15452766 1.1243689 -77.31758879 -0.00002219 90.00014495 -31.46700858 -3.47724341 -33.36303328 -77.31758879 -0.00002219 90.00014495 -33.51401519 -5.00035572 -0.35200764 -104.36850737 -0.0000017 89.99997707 -29.1274414 -3.9735436 34.02476501 -104.36850737 -0.0000017 89.99997707 0 -5.82962559 0 -25.19212723 8.26019 0 -90 -14.73177529 -0.00006179 0 -18.2256565 0 0 -15.52848148 0 0 0 0 0 0 0 0.00011015 81.3771591 -0.00008798 0 -7.88046168 0 0 14.9833984 0 0 28.12869071 0 0 6.67511079 0 0 -21.40275763 0 0 -2.45558643 0 0 9.6308336 0 0 4.39879702 0 0 13.60776326 0 -29.1274414 -3.9735436 34.02476501 -104.36850737 -0.0000017 89.99997707 0 0 0 0 0 0
-31.46700858 -3.47724341 -33.36303328 -77.31758879 -0.00001707 90.00013732 -33.32815169 -5.15452766 1.1243689 -77.31758879 -0.00001707 90.00013732 -31.46700858 -3.47724341 -33.36303328 -77.31758879 -0.00001707 90.00013732 -33.51401519 -5.00035572 -0.35200764 -104.36850737 -0.0000017 89.99997707 -29.1274414 -3.9735436 34.02476501 -104.36850737 -0.0000017 89.99997707 0 -6.03908109 0 -25.19212723 8.20588683 0 -90 -14.7317772 -0.00006179 0 -19.26616287 0 0 -15.94882484 0 0 0 0 0 0 0 0.00011612 81.86856078 -0.00009396 0 -8.32736109 0 0 15.3750429 0 0 28.58994865 0 0 6.87261627 0 0 -22.08457374 0 0 -2.54525494 0 0 9.90219112 0 0 4.6108112 0 0 13.82160185 0 -29.1274414 -3.9735436 34.02476501 -104.36850737 -0.0000017 89.99997707 0 0 0 0 0 0
-31.46700858 -3.47724341 -33.36303328 -77.31758879 -0.00001878 90.00013732 -33.32815169 -5.15452766 1.1243689 -77.31758879 -0.00001878 90.00013732 -31.46700858 -3.47724341 -33.36303328 -77.31758879 -0.00001878 90.00013732 -33.51401519 -5.00035572 -0.35200764 -104.36850737 -0.0000017 89.99997707 -29.1274414 -3.9735436 34.02476501 -104.36850737 -0.0000017 89.99997707 0 -6.24855231 0 -25.19212723 8.16968345 0 -90 -14.73177529 -0.00006091 0 -20.33434675 0 0 -16.36938284 0 0 0 0 0 0 0 0.00012338 82.39517211 -0.00010123 0 -8.74954606 0 0 15.79953099 0 0 29.05168342 0 0 7.10964965 0 0 -22.76716424 0 0 -2.6797559 0 0 10.14344501 0 0 4.82284067 0 0 14.03548812 0 -29.1274414 -3.9735436 34.02476501 -104.36850737 -0.0000017 89.99997707 0 0 0 0 0 0
-31.46701049 -3.47724341 -33.36303328 -77.31758879 -0.00001878 90.00013732 -33.32815169 -5.15452766 1.1243689 -77.31758879 -0.00001878 90.00013732 -31.46701049 -3.47724341 -33.36303328 -77.31758879 -0.00001878 90.00013732 -33.51401519 -5.00035572 -0.35200764 -104.36849974 -0.00000512 89.99996945 -29.1274414 -3.9735436 34.02476882 -104.36849974 -0.00000512 89.99996945 0 -6.45804595 0 -25.19212723 8.11538123 0 -90 -14.73177529 -0.00006091 0 -21.40430449 0 0 -16.79016114 0 0 0 0 0 0 0 0.00013104 82.88158415 -0.00010889 0 -9.17184734 0 0 16.19155121 0 0 29.51389694 0 0 7.34671353 0 0 -23.49616622 0 0 -2.8142526 0 0 10.41490649 0 0 5.07022619 0 0 14.24942302 0 -29.1274414 -3.9735436 34.02476882 -104.36849974 -0.00000512 89.99996945 0 0 0 0 0 0
-31.46700858 -3.47724341 -33.36303328 -77.31758879 -0.00002219 90.00013732 -33.32814787 -5.15452766 1.1243689 -77.31758879 -0.00002219 90.00013732 -31.46700858 -3.47724341 -33.36303328 -77.31758879 -0.00002219 90.00013732 -33.51401519 -5.00035572 -0.35200761 -104.36849974 0.0000017 89.99997707 -29.1274414 -3.9735436 34.02476501 -104.36849974 0.0000017 89.99997707 0 -6.69749353 0 -25.19212723 8.06107807 0 -90 -14.73177529 -0.00006267 0 -22.44999694 0 0 -17.21117019 0 0 0 0 0 0 0 0.00014051 83.40287017 -0.00011836 0 -9.61912152 0 0 16.61646268 0 0 29.97660442 0 0 7.54429054 0 0 -24.18048858 0 0 -2.94876118 0 0 10.68642995 0 0 5.28229188 0 0 14.46340941 0 -29.1274414 -3.9735436 34.02476501 -104.36849974 0.0000017 89.99997707 0 0 0 0 0 0
-31.46700858 -3.47724341 -33.36303328 -77.31758879 -0.00002219 90.00014495 -33.32815169 -5.15452766 1.1243689 -77.31758879 -0.00002219 90.00014495 -31.46700858 -3.47724341 -33.36303328 -77.31758879 -0.00002219 90.00014495 -33.51401519 -5.00035572 -0.35200764 -104.36850737 -0.0000017 89.99997707 -29.1274414 -3.9735436 34.02476501 -104.36850737 -0.0000017 89.99997707 0 -6.90703531 0 -25.19212723 8.00677394 0 -90 -14.7317772 -0.00006179 0 -23.55001831 0 0 -17.63241002 0 0 0 0 0 0 0 0.00015069 83.88448332 -0.00012855 0 -10.0665512 0 0 17.00888824 0 0 30.43980407 0 0 7.78141261 0 0 -24.86568259 0 0 -3.08327365 0 0 10.95801064 0 0 5.49437474 0 0 14.67744443 0 -29.1274414 -3.9735436 34.02476501 -104.36850737 -0.0000017 89.99997707 0 0 0 0 0 0
-31.46700858 -3.47724341 -33.36303328 -77.31758879 -0.00002049 90.00014495 -33.32815169 -5.15452766 1.1243689 -77.31758879 -0.00002049 90.00014495 -31.46700858 -3.47724341 -33.36303328 -77.31758879 -0.00002049 90.00014495 -33.51401519 -5.00035572 -0.35200764 -104.36850737 0.0000017 89.9999847 -29.1274414 -3.9735436 34.02476501 -104.36850737 0.0000017 89.9999847 0 -7.11660098 0 -25.19212723 7.95247122 0 -90 -14.7317772 -0.00006179 0 -24.62598035 0 0 -18.05389023 0 0 0 0 0 0 0 0.00016354 84.40070342 -0.00014141 0 -10.51413345 0 0 17.43424796 0 0 30.90352627 0 0 8.01856994 0 0 -25.55178833 0 0 -3.2177906 0 0 11.25984001 0 0 5.74182988 0 0 14.89153193 0 -29.1274414 -3.9735436 34.02476501 -104.36850737 0.0000017 89.9999847 0 0 0 0 0 0
-31.46700858 -3.47724341 -33.36303328 -77.31758879 -0.00002049 90.00014495 -33.32815169 -5.15452766 1.1243689 -77.31758879 -0.00002049 90.00014495 -31.46700858 -3.47724341 -33.36303328 -77.31758879 -0.00002049 90.00014495 -33.51401519 -5.00035572 -0.35200764 -104.36850737 -0.00000512 89.9999847 -29.1274414 -3.9735436 34.02476501 -104.36850737 -0.00000512 89.9999847 0 -7.35613106 0 -25.19212723 7.8981676 0 -90 -14.73177529 -0.00006267 0 -25.70414353 0 0 -18.47561835 0 0 0 0 0 0 0 0.00017893 84.91439052 -0.0001568 0 -10.96187683 0 0 17.82710074 0 0 31.34564398 0 0 8.25576019 0 0 -26.23882102 0 0 -3.35230444 0 0 11.53155613 0 0 5.95395514 0 0 15.10566997 0 -29.1274414 -3.9735436 34.02476501 -104.36850737 -0.00000512 89.9999847 0 0 0 0 0 0
-31.46700858 -3.47724341 -33.36303328 -77.31758879 -0.00002732 90.00015258 -33.32815169 -5.15452766 1.1243689 -77.31758879 -0.00002732 90.00015258 -31.46700858 -3.47724341 -33.36303328 -77.31758879 -0.00002732 90.00015258 -33.51401901 -5.00035572 -0.35200764 -104.36850737 -0.0000017 89.99997707 -29.1274414 -3.9735436 34.02476882 -104.36850737 -0.0000017 89.99997707 0 -7.56574869 0 -25.19212723 7.86196516 0 -90 -14.73177529 -0.00006179 0 -26.78463174 0 0 -18.89760207 0 0 0 0 0 0 0 0.00019917 85.46196746 -0.00017705 0 -11.40978907 0 0 18.25292968 0 0 31.81038473 0 0 8.49298572 0 0 -26.9268169 0 0 -3.4868307 0 0 11.80333422 0 0 6.20146035 0 0 15.31986521 0 -29.1274414 -3.9735436 34.02476882 -104.36850737 -0.0000017 89.99997707 0 0 0 0 0 0
-31.46701049 -3.47724341 -33.36303328 -77.31758879 -0.00002219 90.00014495 -33.32815169 -5.15452766 1.1243689 -77.31758879 -0.00002219 90.00014495 -31.46701049 -3.47724341 -33.36303328 -77.31758879 -0.00002219 90.00014495 -33.51401901 -5.00035572 -0.35200764 -104.36850737 -0.0000017 89.99997707 -29.12744331 -3.97354384 34.02476882 -104.36850737 -0.0000017 89.99997707 0 -7.8053398 0 -25.19212723 7.80766199 0 -90 -14.73177529 -0.00006179 0 -27.86754988 0 0 -19.31984518 0 0 0 0 0 0 0 0.0002229 85.9704208 -0.00020078 0 -11.85786818 0 0 18.67901418 0 0 32.25349044 0 0 8.73024846 0 0 -27.61580274 0 0 -3.66620347 0 0 12.07518005 0 0 6.41363143 0 0 15.53411293 0 -29.12744331 -3.97354384 34.02476882 -104.36850737 -0.0000017 89.99997707 0 0 0 0 0 0
-31.46700858 -3.47724341 -33.36303328 -77.31758879 -0.00002219 90.00014495 -33.32814787 -5.15452766 1.12436878 -77.31758879 -0.00002219 90.00014495 -31.46700858 -3.47724341 -33.36303328 -77.31758879 -0.00002219 90.00014495 -33.51401519 -5.00035572 -0.35200761 -104.36850737 -0.0000017 89.99997707 -29.1274414 -3.97354336 34.02476501 -104.36850737 -0.0000017 89.99997707 0 -8.01501274 0 -25.19212723 7.75335742 0 -90 -14.73177529 -0.00006179 0 -28.97952648 0 0 -19.68952367 0 0 0 0 0 0 0 0.00025582 86.51254272 -0.0002337 0 -12.30613993 0 0 19.10536002 0 0 32.69709775 0 0 8.96754738 0 0 -28.25978279 0 0 -3.80074213 0 0 12.34709833 0 0 6.66119287 0 0 15.748415 0 -29.1274414 -3.97354336 34.02476501 -104.36850737 -0.0000017 89.99997707 0 0 0 0 0 0
-31.46700858 -3.47724341 -33.36303328 -77.31758879 -0.00002219 90.00014495 -33.32814787 -5.15452766 1.1243689 -77.31758879 -0.00002219 90.00014495 -31.46700858 -3.47724341 -33.36303328 -77.31758879 -0.00002219 90.00014495 -33.51401519 -5.00035572 -0.35200764 -104.36850737 -0.0000017 89.99997707 -29.1274414 -3.9735436 34.02476501 -104.36850737 -0.0000017 89.99997707 0 -8.25466918 0 -25.19212723 7.69905469 0 -90 -14.73177529 -0.00006179 0 -30.06772232 0 0 -20.11226653 0 0 0 0 0 0 0 0.00029712 87.01613616 -0.000275 0 -12.77952004 0 0 19.49914741 0 0 33.16342926 0 0 9.20488738 0 0 -28.95076366 0 0 -3.98013135 0 0 12.64930722 0 0 6.90878387 0 0 15.96277424 0 -29.1274414 -3.9735436 34.02476501 -104.36850737 -0.0000017 89.99997707 0 0 0 0 0 0
-31.46700858 -3.47724341 -33.36303328 -77.31758879 -0.00002219 90.00014495 -33.32815169 -5.15452766 1.1243689 -77.31758879 -0.00002219 90.00014495 -31.46700858 -3.47724341 -33.36303328 -77.31758879 -0.00002219 90.00014495 -33.51401519 -5.00035572 -0.35200764 -104.36850737 -0.0000017 89.99997707 -29.1274414 -3.9735436 34.02476501 -104.36850737 -0.0000017 89.99997707 0 -8.49436568 0 -25.19212723 7.64475152 0 -90 -14.73177529 -0.00006179 0 -31.15869522 0 0 -20.48239135 0 0 0 0 0 0 0 0.00035988 87.55295563 -0.00033777 0 -13.22818469 0 0 19.926012 0 0 33.5858345 0 0 9.44226359 0 0 -29.59665871 0 0 -4.15953016 0 0 12.92136856 0 0 7.15640783 0 0 16.23079681 0 -29.1274414 -3.9735436 34.02476501 -104.36850737 -0.0000017 89.99997707 0 0 0 0 0 0
-31.46700858 -3.47724341 -33.36303328 -77.31758879 -0.00002049 90.00014495 -33.32815169 -5.15452766 1.1243689 -77.31758879 -0.00002049 90.00014495 -31.46700858 -3.47724341 -33.36303328 -77.31758879 -0.00002049 90.00014495 -33.51401519 -5.00035572 -0.35200764 -104.36850737 -0.0000017 89.99997707 -29.1274414 -3.9735436 34.02476501 -104.36850737 -0.0000017 89.99997707 0 -8.70412636 0 -25.19212723 7.5904479 0 -90 -14.73177529 -0.00006179 0 -32.25256347 0 0 -20.85272788 0 0 0 0 0 0 0 0.00045734 88.08755493 -0.00043523 0 -13.70198727 0 0 20.35315321 0 0 34.03097152 0 0 9.6796827 0 0 -30.24350356 0 0 -4.33893774 0 0 13.19350338 0 0 7.40406178 0 0 16.44528197 0 -29.1274414 -3.9735436 34.02476501 -104.36850737 -0.0000017 89.99997707 0 0 0 0 0 0
-31.46700858 -3.47724341 -33.36303328 -77.31758879 -0.00002219 90.00014495 -33.32815169 -5.15452766 1.1243689 -77.31758879 -0.00002219 90.00014495 -31.46700858 -3.47724341 -33.36303328 -77.31758879 -0.00002219 90.00014495 -33.51401519 -5.00035572 -0.35200764 -104.36850737 -0.0000017 89.99997707 -29.12744331 -3.97354384 34.02476882 -104.36850737 -0.0000017 89.99997707 0 -8.94389244 0 -25.19212723 7.53614378 0 -90 -14.73177529 -0.00006179 0 -33.34947203 0 0 -21.22329711 0 0 0 0 0 0 0 0.00062922 88.61902615 -0.00060711 0 -14.17603778 0 0 20.78058244 0 0 34.45434951 0 0 9.91714283 0 0 -30.89134787 0 0 -4.51835823 0 0 13.49596881 0 0 7.65175578 0 0 16.65982434 0 -29.12744331 -3.97354384 34.02476882 -104.36850737 -0.0000017 89.99997707 0 0 0 0 0 0
-31.46701049 -3.47724341 -33.36303328 -77.31758879 -0.00002219 90.00014495 -33.32815169 -5.15452766 1.1243689 -77.31758879 -0.00002219 90.00014495 -31.46701049 -3.47724341 -33.36303328 -77.31758879 -0.00002219 90.00014495 -33.51401519 -5.00035572 -0.35200764 -104.36849974 -0.00000683 89.99996945 -29.1274414 -3.9735436 34.02476501 -104.36849974 -0.00000683 89.99996945 0 -9.18369579 0 -25.19212723 7.46373939 0 -90 -14.73177529 -0.00006179 0 -34.4495201 0 0 -21.59407997 0 0 0 0 0 0 0 0.00101352 89.14865875 -0.00099142 0 -14.65033243 0 0 21.17539405 0 0 34.90053936 0 0 10.15464687 0 0 -31.54020881 0 0 -4.69778964 0 0 13.76826382 0 0 7.89948367 0 0 16.87442778 0 -29.1274414 -3.9735436 34.02476501 -104.36849974 -0.00000683 89.99996945 0 0 0 0 0 0
-31.46700858 -3.47724341 -33.36302946 -77.31758879 -0.00002219 90.00014495 -33.32814787 -5.15452766 1.12436878 -77.31758879 -0.00002219 90.00014495 -31.46700858 -3.47724341 -33.36302946 -77.31758879 -0.00002219 90.00014495 -33.51401519 -5.00035572 -0.35200761 -104.36850737 -0.0000017 89.99997707 -29.12743949 -3.9735436 34.0247612 -104.36850737 -0.0000017 89.99997707 0 -9.4235382 0 -25.19212723 7.40943669 0 -90 -14.73177529 -0.00006179 0 -35.55286026 0 0 -21.96509548 0 0 0 0 0 0 0 0.00295886 89.71060944 -0.00293676 0 -15.12486648 0 0 21.60338971 0 0 35.32491301 0 0 10.43178748 0 0 -32.19009399 0 0 -4.87723015 0 0 14.04063606 0 0 8.18264389 0 0 17.14276122 0 -29.12743949 -3.9735436 34.0247612 -104.36850737 -0.0000017 89.99997707 0 0 0 0 0 0
-31.46700858 -3.47724341 -33.36303328 -77.31758879 -0.00002219 90.00014495 -33.32815169 -5.15452766 1.1243689 -77.31758879 -0.00002219 90.00014495 -31.46700858 -3.47724341 -33.36303328 -77.31758879 -0.00002219 90.00014495 -33.51401519 -5.00035572 -0.35200764 -104.36850737 -0.0000017 89.99997707 -29.1274414 -3.9735436 34.02476501 -104.36850737 -0.0000017 89.99997707 0 -9.66342446 0 -25.19212723 7.35513352 0 -90 -14.73177529 -0.00006179 0 -36.6325874 0 0 -22.33634375 0 0 0 0 0 0 0 179.99636837 89.76593018 -179.99635311 0 -15.59967232 0 0 22.0316925 0 0 35.72742081 0 0 10.66938684 0 0 -32.79452134 0 0 -5.10155486 0 0 14.34336851 0 0 8.43045234 0 0 17.35749625 0 -29.1274414 -3.9735436 34.02476501 -104.36850737 -0.0000017 89.99997707 0 0 0 0 0 0
-31.46700477 -3.47724341 -33.36303328 -77.31758879 -0.00002049 90.00014495 -33.32815169 -5.15452766 1.12436878 -77.31758879 -0.00002049 90.00014495 -31.46700477 -3.47724341 -33.36303328 -77.31758879 -0.00002049 90.00014495 -33.51401519 -5.00035572 -0.35200761 -104.36850737 -0.0000017 89.99997707 -29.1274414 -3.9735436 34.02476501 -104.36850737 -0.0000017 89.99997707 0 -9.90335556 0 -25.19212723 7.30082939 0 -90 -14.73177529 -0.00006179 0 -37.71569825 0 0 -22.65475271 0 0 0 0 0 0 0 179.99888607 89.2441101 -179.99885555 0 -16.07475662 0 0 22.46031188 0 0 36.1527977 0 0 10.90703483 0 0 -33.44649505 0 0 -5.28102826 0 0 14.61591718 0 0 8.67830464 0 0 17.57229995 0 -29.1274414 -3.9735436 34.02476501 -104.36850737 -0.0000017 89.99997707 0 0 0 0 0 0
-31.46700858 -3.47724341 -33.36303328 -77.31758879 -0.00002219 90.00014495 -33.32815169 -5.15452766 1.1243689 -77.31758879 -0.00002219 90.00014495 -31.46700858 -3.47724341 -33.36303328 -77.31758879 -0.00002219 90.00014495 -33.51401519 -5.00035572 -0.35200764 -104.36850737 -0.0000017 89.99997707 -29.1274414 -3.9735436 34.02476501 -104.36850737 -0.0000017 89.99997707 0 -10.1433258 0 -25.19212723 7.24652528 0 -90 -14.73177529 -0.00006179 0 -38.80232237 0 0 -22.97333141 0 0 0 0 0 0 0 179.99935909 88.68925473 -179.99934383 0 -16.55010032 0 0 22.85624312 0 0 36.55624008 0 0 11.18434619 0 0 -34.05291366 0 0 -5.50538206 0 0 14.88854407 0 0 8.96160694 0 0 17.84088324 0 -29.1274414 -3.9735436 34.02476501 -104.36850737 -0.0000017 89.99997707 0 0 0 0 0 0
-31.46701049 -3.47724341 -33.36303328 -77.31758879 -0.00002219 90.00014495 -33.32815169 -5.15452766 1.1243689 -77.31758879 -0.00002219 90.00014495 -31.46701049 -3.47724341 -33.36303328 -77.31758879 -0.00002219 90.00014495 -33.51401519 -5.00035572 -0.35200764 -104.36850737 -0.00000341 89.9999847 -29.1274414 -3.9735436 34.02476501 -104.36850737 -0.00000341 89.9999847 0 -10.41335009 0 -25.19212723 7.19222212 0 -90 -14.73177529 -0.00006179 0 -39.89255522 0 0 -23.29209327 0 0 0 0 0 0 0 179.99955746 88.13806915 -179.99952694 0 -17.02574348 0 0 23.28547477 0 0 36.93771358 0 0 11.42209529 0 0 -34.61352918 0 0 -5.72975636 0 0 15.19156646 0 0 9.20954608 0 0 18.05582428 0 -29.1274414 -3.9735436 34.02476501 -104.36850737 -0.00000341 89.9999847 0 0 0 0 0 0
-31.46701049 -3.47724341 -33.36303328 -77.31758879 -0.00002219 90.00014495 -33.32815169 -5.15452766 1.1243689 -77.31758879 -0.00002219 90.00014495 -31.46701049 -3.47724341 -33.36303328 -77.31758879 -0.00002219 90.00014495 -33.51401519 -5.00035572 -0.35200764 -104.36850737 -0.0000017 89.99997707 -29.1274414 -3.9735436 34.02476501 -104.36850737 -0.0000017 89.99997707 0 -10.65341279 0 -25.19212723 7.1198182 0 -90 -14.73177529 -0.00006179 0 -40.98657604 0 0 -23.61103055 0 0 0 0 0 0 0 179.99964901 87.62322995 -179.99963375 0 -17.52673149 0 0 23.6819782 0 0 37.34207915 0 0 11.69952772 0 0 -35.22183608 0 0 -5.95415731 0 0 15.46436786 0 0 9.49294948 0 0 18.32458494 0 -29.1274414 -3.9735436 34.02476501 -104.36850737 -0.0000017 89.99997707 0 0 0 0 0 0
-31.46700858 -3.47724341 -33.36302946 -77.31758879 -0.00002219 90.00014495 -33.32815169 -5.15452766 1.12436878 -77.31758879 -0.00002219 90.00014495 -31.46700858 -3.47724341 -33.36302946 -77.31758879 -0.00002219 90.00014495 -33.51401519 -5.00035572 -0.35200764 -104.36850737 -0.0000017 89.99997707 -29.12743949 -3.9735436 34.0247612 -104.36850737 -0.0000017 89.99997707 0 -10.89352988 0 -25.19212723 7.06551408 0 -90 -14.73177529 -0.00006179 0 -42.05704498 0 0 -23.9301662 0 0 0 0 0 0 0 179.9997253 87.07664489 -179.99969479 0 -18.00298881 0 0 24.11186027 0 0 37.72444154 0 0 11.93738743 0 0 -35.78428269 0 0 -6.17858028 0 0 15.76759816 0 0 9.7764206 0 0 18.53967094 0 -29.12743949 -3.9735436 34.0247612 -104.36850737 -0.0000017 89.99997707 0 0 0 0 0 0
-31.46700858 -3.47724341 -33.36303328 -77.31758879 -0.00002049 90.00014495 -33.32815169 -5.15452766 1.1243689 -77.31758879 -0.00002049 90.00014495 -31.46700858 -3.47724341 -33.36303328 -77.31758879 -0.00002049 90.00014495 -33.51401519 -5.00035572 -0.35200764 -104.36850737 -0.0000017 89.99997707 -29.1274414 -3.9735436 34.02476501 -104.36850737 -0.0000017 89.99997707 0 -11.13368892 0 -25.19212723 7.01121187 0 -90 -14.73177529 -0.00006179 0 -43.13133621 0 0 -24.24947929 0 0 0 0 0 0 0 179.99975582 86.5326538 -179.99974056 0 -18.47955321 0 0 24.50897026 0 0 38.08469009 0 0 12.21494865 0 0 -36.34759138 0 0 -6.40302085 0 0 16.04059028 0 0 10.05994129 0 0 18.75481988 0 -29.1274414 -3.9735436 34.02476501 -104.36850737 -0.0000017 89.99997707 0 0 0 0 0 0
-31.46700858 -3.47724341 -33.36303328 -77.31758879 -0.00002049 90.00014495 -33.32815169 -5.15452766 1.1243689 -77.31758879 -0.00002049 90.00014495 -31.46700858 -3.47724341 -33.36303328 -77.31758879 -0.00002049 90.00014495 -33.51401519 -5.00035572 -0.35200764 -104.36850737 0 89.99997707 -29.1274414 -3.9735436 34.02476501 -104.36850737 0 89.99997707 0 -11.37390612 0 -25.19212723 6.93880602 0 -90 -14.73177529 -0.00006179 0 -44.18194961 0 0 -24.51572608 0 0 0 0 0 0 0 179.9998016 85.99092861 -179.99977108 0 -18.98155971 0 0 24.93952366 0 0 38.46790694 0 0 12.45292186 0 0 -36.91183468 0 0 -6.67239425 0 0 16.31368254 0 0 10.30808352 0 0 19.0238552 0 -29.1274414 -3.9735436 34.02476501 -104.36850737 0 89.99997707 0 0 0 0 0 0
-31.46700858 -3.47724341 -33.36303328 -77.31758879 -0.00001878 90.00014495 -33.32815169 -5.15452766 1.1243689 -77.31758879 -0.00001878 90.00014495 -31.46700858 -3.47724341 -33.36303328 -77.31758879 -0.00001878 90.00014495 -33.51401519 -5.00035572 -0.35200764 -104.36850737 -0.0000017 89.99997707 -29.12744331 -3.9735436 34.02476501 -104.36850737 -0.0000017 89.99997707 0 -11.64419934 0 -25.19212723 6.88450383 0 -90 -14.73177529 -0.00006179 0 -45.26427078 0 0 -24.78209687 0 0 0 0 0 0 0 179.99983212 85.45166778 -179.9998016 0 -19.45879363 0 0 25.33726118 0 0 38.8289604 0 0 12.73061848 0 0 -37.42986297 0 0 -6.89688967 0 0 16.58686065 0 0 10.59172344 0 0 19.23915672 0 -29.12744331 -3.9735436 34.02476501 -104.36850737 -0.0000017 89.99997707 0 0 0 0 0 0
-31.46700858 -3.47724389 -33.36303328 -77.31758879 -0.00002219 90.00014495 -33.32815169 -5.15452766 1.1243689 -77.31758879 -0.00002219 90.00014495 -31.46700858 -3.47724389 -33.36303328 -77.31758879 -0.00002219 90.00014495 -33.51401901 -5.00035572 -0.35200764 -104.36850737 -0.0000017 89.99997707 -29.1274414 -3.9735436 34.02476882 -104.36850737 -0.0000017 89.99997707 0 -11.88451861 0 -25.19212723 6.83020018 0 -90 -14.73177529 -0.00006179 0 -46.3229637 0 0 -25.0486145 0 0 0 0 0 0 0 179.99984737 84.9146957 -179.99983212 0 -19.96152302 0 0 25.73531724 0 0 39.16783142 0 0 12.96870514 0 0 -37.99588772 0 0 -7.16632842 0 0 16.89050864 0 0 10.875432 0 0 19.50837898 0 -29.1274414 -3.9735436 34.02476882 -104.36850737 -0.0000017 89.99997707 0 0 0 0 0 0
-31.46700858 -3.47724341 -33.36303328 -77.31758879 -0.00002219 90.00014495 -33.32815169 -5.15452766 1.1243689 -77.31758879 -0.00002219 90.00014495 -31.46700858 -3.47724341 -33.36303328 -77.31758879 -0.00002219 90.00014495 -33.51401901 -5.00035572 -0.35200764 -104.36850737 -0.0000017 89.99997707 -29.12744331 -3.9735436 34.02476501 -104.36850737 -0.0000017 89.99997707 0 -12.15493869 0 -25.19212723 6.75779582 0 -90 -14.73177529 -0.00006179 0 -47.35783766 0 0 -25.26192283 0 0 0 0 0 0 0 179.99986263 84.38005064 -179.99984737 0 -20.439476 0 0 26.16690254 0 0 39.50705718 0 0 13.24654578 0 0 -38.46831893 0 0 -7.43580006 0 0 17.16389083 0 0 11.15920829 0 0 19.72383691 0 -29.12744331 -3.9735436 34.02476501 -104.36850737 -0.0000017 89.99997707 0 0 0 0 0 0
-31.46700858 -3.47724341 -33.36303328 -77.31758879 -0.0000239 90.00013732 -33.32815169 -5.15452766 1.12436878 -77.31758879 -0.0000239 90.00013732 -31.46700858 -3.47724341 -33.36303328 -77.31758879 -0.0000239 90.00013732 -33.51401519 -5.00035572 -0.35200764 -104.36850737 -0.0000017 89.99997707 -29.1274414 -3.9735436 34.0247612 -104.36850737 -0.0000017 89.99997707 0 -12.39537238 0 -25.19212723 6.70349217 0 -90 -14.73177529 -0.00006179 0 -48.39682387 0 0 -25.52868652 0 0 0 0 0 0 0 179.99987789 83.84763335 -179.99986263 0 -20.94296642 0 0 26.56562233 0 0 39.84663771 0 0 13.48475741 0 0 -38.98877712 0 0 -7.70531989 0 0 17.4373741 0 0 11.4785385 0 0 19.99325749 0 -29.1274414 -3.9735436 34.0247612 -104.36850737 -0.0000017 89.99997707 0 0 0 0 0 0
-31.46700858 -3.47724341 -33.36303328 -77.31758879 -0.0000239 90.00013732 -33.32815169 -5.15452766 1.1243689 -77.31758879 -0.0000239 90.00013732 -31.46700858 -3.47724341 -33.36303328 -77.31758879 -0.0000239 90.00013732 -33.51401519 -5.00035572 -0.35200764 -104.36850737 -0.0000017 89.99997707 -29.1274414 -3.9735436 34.02476882 -104.36850737 -0.0000017 89.99997707 0 -12.63585851 0 -25.19212723 6.63108775 0 -90 -14.73177529 -0.00006179 0 -49.44005965 0 0 -25.74220086 0 0 0 0 0 0 0 179.99987789 83.31748198 -179.99986263 0 -21.42166709 0 0 26.96467014 0 0 40.16391754 0 0 13.76274396 0 0 -39.46264647 0 0 -7.97487589 0 0 17.71095658 0 0 11.76246262 0 0 20.20887374 0 -29.1274414 -3.9735436 34.02476882 -104.36850737 -0.0000017 89.99997707 0 0 0 0 0 0
-31.46700858 -3.47724341 -33.36303328 -77.31758116 -0.00002219 90.00013732 -33.32815169 -5.15452766 1.1243689 -77.31758116 -0.00002219 90.00013732 -31.46700858 -3.47724341 -33.36303328 -77.31758116 -0.00002219 90.00013732 -33.51401519 -5.00035572 -0.35200764 -104.36850737 -0.0000017 89.99997707 -29.12744331 -3.9735436 34.02476882 -104.36850737 -0.0000017 89.99997707 0 -12.90647312 0 -25.19212723 6.57678413 0 -90 -14.73177529 -0.00006179 0 -50.4593048 0 0 -25.95580097 0 0 0 0 0 0 0 179.99989315 82.75651551 -179.99987789 0 -21.92596622 0 0 27.33075522 0 0 40.48151397 0 0 14.04081249 0 0 -39.93722149 0 0 -8.24448203 0 0 17.9846439 0 0 12.04645919 0 0 20.47849845 0 -29.12744331 -3.9735436 34.02476882 -104.36850737 -0.0000017 89.99997707 0 0 0 0 0 0
-31.46700477 -3.47724341 -33.36303328 -77.31758116 -0.00002219 90.00013732 -33.32815169 -5.15452766 1.1243689 -77.31758116 -0.00002219 90.00013732 -31.46700477 -3.47724341 -33.36303328 -77.31758116 -0.00002219 90.00013732 -33.51401519 -5.00035572 -0.35200764 -104.36850737 -0.0000017 89.99997707 -29.1274414 -3.9735436 34.0247612 -104.36850737 -0.0000017 89.99997707 0 -13.14707755 0 -25.19212723 6.52248144 0 -90 -14.73177529 -0.00006179 0 -51.45436477 0 0 -26.11606407 0 0 0 0 0 0 0 179.99989315 82.23077392 -179.99987789 0 -22.43069838 0 0 27.73044205 0 0 40.7767067 0 0 14.27922153 0 0 -40.36494826 0 0 -8.55907535 0 0 18.25842857 0 0 12.33052729 0 0 20.69427678 0 -29.1274414 -3.9735436 34.0247612 -104.36850737 -0.0000017 89.99997707 0 0 0 0 0 0
-31.46700477 -3.47724341 -33.36302946 -77.31758116 -0.00002219 90.00013732 -33.32815169 -5.15452766 1.1243689 -77.31758116 -0.00002219 90.00013732 -31.46700477 -3.47724341 -33.36302946 -77.31758116 -0.00002219 90.00013732 -33.51401519 -5.00035572 -0.35200764 -104.36850737 0 89.99997707 -29.1274414 -3.9735436 34.0247612 -104.36850737 0 89.99997707 0 -13.41783332 0 -25.19212723 6.4500761 0 -90 -14.73177529 -0.00006179 0 -52.48220824 0 0 -26.27637862 0 0 0 0 0 0 0 179.99990841 81.70708466 -179.99987789 0 -22.91061207 0 0 28.13048553 0 0 41.07220077 0 0 14.55744743 0 0 -40.79326631 0 0 -8.82878111 0 0 18.53232383 0 0 12.65020082 0 0 20.96410938 0 -29.1274414 -3.9735436 34.0247612 -104.36850737 0 89.99997707 0 0 0 0 0 0
-31.46701049 -3.47724389 -33.36303328 -77.31758879 -0.0000239 90.00013732 -33.32815169 -5.15452766 1.1243689 -77.31758879 -0.0000239 90.00013732 -31.46701049 -3.47724389 -33.36303328 -77.31758879 -0.0000239 90.00013732 -33.51401519 -5.00035572 -0.35200764 -104.36850737 -0.0000017 89.99997707 -29.1274414 -3.9735436 34.02476501 -104.36850737 -0.0000017 89.99997707 0 -13.65857217 0 -25.19212723 6.39577149 0 -90 -14.73177529 -0.00006179 0 -53.45715713 0 0 -26.49021529 0 0 0 0 0 0 0 179.99990841 81.18550109 -179.99989315 0 -23.4162197 0 0 28.49749755 0 0 41.34521101 0 0 14.79599954 0 0 -41.22217941 0 0 -9.14350509 0 0 18.8063278 0 0 12.93444153 0 0 21.18006324 0 -29.1274414 -3.9735436 34.02476501 -104.36850737 -0.0000017 89.99997707 0 0 0 0 0 0
-31.46700477 -3.47724317 -33.36303328 -77.31758879 -0.0000239 90.00013732 -33.32815169 -5.15452766 1.1243689 -77.31758879 -0.0000239 90.00013732 -31.46700477 -3.47724317 -33.36303328 -77.31758879 -0.0000239 90.00013732 -33.51401519 -5.00035572 -0.35200764 -104.36850737 -0.0000017 89.99997707 -29.1274414 -3.9735436 34.02476501 -104.36850737 -0.0000017 89.99997707 0 -13.92946621 0 -25.19212723 6.32336758 0 -90 -14.73177529 -0.00006179 0 -54.43627547 0 0 -26.59716415 0 0 0 0 0 0 0 179.99992367 80.66596982 -179.99989315 0 -23.92228504 0 0 28.89821242 0 0 41.59569168 0 0 15.07438468 0 0 -41.60395047 0 0 -9.45829295 0 0 19.0804367 0 0 13.25429916 0 0 21.45010566 0 -29.1274414 -3.9735436 34.02476501 -104.36850737 -0.0000017 89.99997707 0 0 0 0 0 0
-31.46700858 -3.47724341 -33.36303328 -77.31758879 -0.0000239 90.00013732 -33.32815169 -5.15452766 1.1243689 -77.31758879 -0.0000239 90.00013732 -31.46700858 -3.47724341 -33.36303328 -77.31758879 -0.0000239 90.00013732 -33.51401519 -5.00035572 -0.35200764 -104.36850737 -0.00000341 89.9999847 -29.12743949 -3.9735436 34.02476501 -104.36850737 -0.00000341 89.9999847 0 -14.17032909 0 -25.19212723 6.26906347 0 -90 -14.73177529 -0.00006179 0 -55.41974639 0 0 -26.75763894 0 0 0 0 0 0 0 179.99992367 80.14839172 -179.99989315 0 -24.40348052 0 0 29.26584815 0 0 41.86917113 0 0 15.35286044 0 0 -41.98619457 0 0 -9.77315236 0 0 19.3546543 0 0 13.53870677 0 0 21.66623113 0 -29.12743949 -3.9735436 34.02476501 -104.36850737 -0.00000341 89.9999847 0 0 0 0 0 0
-31.46700858 -3.47724341 -33.36303328 -77.31758879 -0.0000239 90.00013732 -33.32815169 -5.15452766 1.1243689 -77.31758879 -0.0000239 90.00013732 -31.46700858 -3.47724341 -33.36303328 -77.31758879 -0.0000239 90.00013732 -33.51401519 -5.00035572 -0.35200764 -104.36850737 -0.0000017 89.99997707 -29.1274414 -3.9735436 34.02476501 -104.36850737 -0.0000017 89.99997707 0 -14.44137 0 -25.19212723 6.19666004 0 -90 -14.73177529 -0.00006179 0 -56.37849425 0 0 -26.8646488 0 0 0 0 0 0 0 179.99992367 79.63273618 -179.99990841 0 -24.91047855 0 0 29.63379094 0 0 42.09725952 0 0 15.59161949 0 0 -42.36891936 0 0 -10.13307475 0 0 19.59849548 0 0 13.85875987 0 0 21.93648716 0 -29.1274414 -3.9735436 34.02476501 -104.36850737 -0.0000017 89.99997707 0 0 0 0 0 0
-31.46700858 -3.47724341 -33.36303328 -77.31758879 -0.00002049 90.00014495 -33.32815169 -5.15452766 1.1243689 -77.31758879 -0.00002049 90.00014495 -31.46700858 -3.47724341 -33.36303328 -77.31758879 -0.00002049 90.00014495 -33.51401519 -5.00035572 -0.35200764 -104.36850737 -0.0000017 89.99997707 -29.1274414 -3.9735436 34.02476501 -104.36850737 -0.0000017 89.99997707 0 -14.71250249 0 -25.19212723 6.14235544 0 -90 -14.73177529 -0.00006179 0 -57.31236265 0 0 -26.97168728 0 0 0 0 0 0 0 179.99993893 79.11909484 -179.99990841 0 -25.39259719 0 0 30.00205612 0 0 42.32553099 0 0 15.87027453 0 0 -42.70422745 0 0 -10.44810199 0 0 19.87293051 0 0 14.17893028 0 0 22.15279197 0 -29.1274414 -3.9735436 34.02476501 -104.36850737 -0.0000017 89.99997707 0 0 0 0 0 0
-31.46700858 -3.47724389 -33.36303328 -77.31758879 -0.0000239 90.00014495 -33.32815169 -5.15452766 1.1243689 -77.31758879 -0.0000239 90.00014495 -31.46700858 -3.47724389 -33.36303328 -77.31758879 -0.0000239 90.00014495 -33.51401519 -5.00035572 -0.35200764 -104.36850737 -0.0000017 89.99997707 -29.12744331 -3.9735436 34.02476501 -104.36850737 -0.0000017 89.99997707 0 -14.95356747 0 -25.19212723 6.06995248 0 -90 -14.73177529 -0.00006179 0 -58.25038146 0 0 -27.02521133 0 0 0 0 0 0 0 179.99993893 78.607254 -179.99990841 0 -25.90056606 0 0 30.37062834 0 0 42.53112411 0 0 16.14900779 0 0 -43.03991317 0 0 -10.80821512 0 0 20.11696243 0 0 14.49920463 0 0 22.42326926 0 -29.12744331 -3.9735436 34.02476501 -104.36850737 -0.0000017 89.99997707 0 0 0 0 0 0
-31.46701049 -3.47724341 -33.36303328 -77.31758879 -0.00002219 90.00014495 -33.32815169 -5.15452766 1.1243689 -77.31758879 -0.00002219 90.00014495 -31.46701049 -3.47724341 -33.36303328 -77.31758879 -0.00002219 90.00014495 -33.51401519 -5.00035572 -0.35200764 -104.36850737 0 89.99997707 -29.1274414 -3.9735436 34.02476501 -104.36850737 0 89.99997707 0 -15.22485542 0 -25.19212723 5.99754664 0 -90 -14.73177529 -0.00006179 0 -59.163208 0 0 -27.07874298 0 0 0 0 0 0 0 179.99993893 78.09732818 -179.99992367 0 -26.38363455 0 0 30.73952676 0 0 42.73685456 0 0 16.38800619 0 0 -43.32796095 0 0 -11.16844749 0 0 20.39162253 0 0 14.78399754 0 0 22.63975522 0 -29.1274414 -3.9735436 34.02476501 -104.36850737 0 89.99997707 0 0 0 0 0 0
-31.46700858 -3.47724341 -33.36303328 -77.31758879 -0.00002219 90.00014495 -33.32815169 -5.15452766 1.1243689 -77.31758879 -0.00002219 90.00014495 -31.46700858 -3.47724341 -33.36303328 -77.31758879 -0.00002219 90.00014495 -33.51401519 -5.00035572 -0.35200764 -104.36850737 -0.0000017 89.99997707 -29.12743949 -3.9735436 34.02476501 -104.36850737 -0.0000017 89.99997707 0 -15.46606349 0 -25.19212723 5.94324442 0 -90 -14.73177529 -0.00006179 0 -60.08015442 0 0 -27.13228225 0 0 0 0 0 0 0 179.99993893 77.58922577 -179.99992367 0 -26.89263152 0 0 31.0751686 0 0 42.91985317 0 0 16.6669254 0 0 -43.61627194 0 0 -11.52877902 0 0 20.63584516 0 0 15.10448741 0 0 22.91046329 0 -29.12743949 -3.9735436 34.02476501 -104.36850737 -0.0000017 89.99997707 0 0 0 0 0 0
-31.46700858 -3.47724341 -33.36303328 -77.31758879 -0.00002219 90.00014495 -33.32815169 -5.15452766 1.1243689 -77.31758879 -0.00002219 90.00014495 -31.46700858 -3.47724341 -33.36303328 -77.31758879 -0.00002219 90.00014495 -33.51401519 -5.00035572 -0.35200764 -104.36850737 -0.0000017 89.99997707 -29.1274414 -3.9735436 34.02476501 -104.36850737 -0.0000017 89.99997707 0 -15.7375126 0 -25.19212723 5.8708391 0 -90 -14.73177529 -0.00006179 0 -60.97158809 0 0 -27.18582916 0 0 0 0 0 0 0 179.99995419 77.08293152 -179.99992367 0 -27.40216826 0 0 31.41108703 0 0 43.10296249 0 0 16.9459457 0 0 -43.85676955 0 0 -11.88922976 0 0 20.88017462 0 0 15.42510127 0 0 23.1271305 0 -29.1274414 -3.9735436 34.02476501 -104.36850737 -0.0000017 89.99997707 0 0 0 0 0 0
-31.46700858 -3.47724341 -33.36303328 -77.31758879 -0.00002219 90.00014495 -33.32815169 -5.15452766 1.1243689 -77.31758879 -0.00002219 90.00014495 -31.46700858 -3.47724341 -33.36303328 -77.31758879 -0.00002219 90.00014495 -33.51401519 -5.00035572 -0.35200764 -104.36850737 -0.0000017 89.99997707 -29.1274414 -3.9735436 34.02476501 -104.36850737 -0.0000017 89.99997707 0 -15.97887607 0 -25.19212723 5.81653641 0 -90 -14.73177529 -0.00006179 0 -61.86713789 0 0 -27.18582916 0 0 0 0 0 0 0 179.99995419 76.57843017 -179.99992367 0 -27.88674353 0 0 31.78091813 0 0 43.26327895 0 0 17.18518638 0 0 -44.09746551 0 0 -12.24979972 0 0 21.12460136 0 0 15.74583817 0 0 23.398077 0 -29.1274414 -3.9735436 34.02476501 -104.36850737 -0.0000017 89.99997707 0 0 0 0 0 0
-31.46700477 -3.47724341 -33.36302946 -77.31758879 -0.00002219 90.00014495 -33.32815169 -5.15452766 1.12436878 -77.31758879 -0.00002219 90.00014495 -31.46700477 -3.47724341 -33.36302946 -77.31758879 -0.00002219 90.00014495 -33.51401519 -5.00035572 -0.35200764 -104.36850737 -0.0000017 89.99997707 -29.12743949 -3.9735436 34.0247612 -104.36850737 -0.0000017 89.99997707 0 -16.25049209 0 -25.19212723 5.74413157 0 -90 -14.73177529 -0.00006179 0 -62.70677949 0 0 -27.18582916 0 0 0 0 0 0 0 179.99995419 76.1070404 -179.99992367 0 -28.37182615 0 0 32.11742019 0 0 43.40076445 0 0 17.46439742 0 0 -44.33836745 0 0 -12.65558622 0 0 21.39969443 0 0 16.06669616 0 0 23.61493108 0 -29.12743949 -3.9735436 34.0247612 -104.36850737 -0.0000017 89.99997707 0 0 0 0 0 0
-31.46700477 -3.47724341 -33.36303328 -77.31758879 -0.0000239 90.00013732 -33.32815169 -5.15452766 1.1243689 -77.31758879 -0.0000239 90.00013732 -31.46700477 -3.47724341 -33.36303328 -77.31758879 -0.0000239 90.00013732 -33.51401519 -5.00035572 -0.35200764 -104.36850737 0 89.99997707 -29.1274414 -3.9735436 34.02476501 -104.36850737 0 89.99997707 0 -16.49200629 0 -25.19212723 5.68982837 0 -90 -14.73177529 -0.00006179 0 -63.55017853 0 0 -27.13228225 0 0 0 0 0 0 0 179.99995419 75.60588071 -179.99992367 0 -28.88300513 0 0 32.42051696 0 0 43.53832244 0 0 17.70380212 0 0 -44.53124237 0 0 -13.01641845 0 0 21.61374089 0 0 16.38768576 0 0 23.88612555 0 -29.1274414 -3.9735436 34.02476501 -104.36850737 0 89.99997707 0 0 0 0 0 0
-31.46701049 -3.47724341 -33.36303328 -77.31758879 -0.00002219 90.00014495 -33.32815169 -5.15452766 1.1243689 -77.31758879 -0.00002219 90.00014495 -31.46701049 -3.47724341 -33.36303328 -77.31758879 -0.00002219 90.00014495 -33.51401519 -5.00035572 -0.35200764 -104.36850737 -0.00000341 89.9999847 -29.1274414 -3.9735436 34.02476501 -104.36850737 -0.00000341 89.9999847 0 -16.76379968 0 -25.19212723 5.61742351 0 -90 -14.73177529 -0.00006179 0 -64.39744567 0 0 -27.13228225 0 0 0 0 0 0 0 179.99995419 75.13758849 -179.99993893 0 -29.36917494 0 0 32.75756837 0 0 43.65299604 0 0 17.98320576 0 0 -44.67597577 0 0 -13.42251586 0 0 21.85846137 0 0 16.70879937 0 0 24.10317039 0 -29.1274414 -3.9735436 34.02476501 -104.36850737 -0.00000341 89.9999847 0 0 0 0 0 0
-31.46700858 -3.47724341 -33.36303328 -77.31758116 -0.00002219 90.00013732 -33.32815169 -5.15452766 1.1243689 -77.31758116 -0.00002219 90.00013732 -31.46700858 -3.47724341 -33.36303328 -77.31758116 -0.00002219 90.00013732 -33.51401519 -5.00035572 -0.35200764 -104.36850737 -0.0000017 89.99997707 -29.1274414 -3.9735436 34.02476501 -104.36850737 -0.0000017 89.99997707 0 -17.00547027 0 -25.19212723 5.5450201 0 -90 -14.73177529 -0.00006179 0 -65.18772888 0 0 -27.07874298 0 0 0 0 0 0 0 179.99995419 74.63970181 -179.99993893 0 -29.85587119 0 0 33.06115341 0 0 43.74476624 0 0 18.26271629 0 0 -44.82078932 0 0 -13.82876871 0 0 22.10328101 0 0 17.0657444 0 0 24.37460516 0 -29.1274414 -3.9735436 34.02476501 -104.36850737 -0.0000017 89.99997707 0 0 0 0 0 0
-31.46700858 -3.47724341 -33.36303328 -77.31758879 -0.00002219 90.00014495 -33.32815169 -5.15452766 1.1243689 -77.31758879 -0.00002219 90.00014495 -31.46700858 -3.47724341 -33.36303328 -77.31758879 -0.00002219 90.00014495 -33.51401519 -5.00035572 -0.35200764 -104.36850737 0 89.99997707 -29.1274414 -3.9735436 34.02476501 -104.36850737 0 89.99997707 0 -17.27744483 0 -25.19212723 5.49071407 0 -90 -14.73177529 -0.00006179 0 -65.9815292 0 0 -26.97168537 0 0 0 0 0 0 0 179.99995419 74.17436981 -179.99993893 0 -30.36879729 0 0 33.39877318 0 0 43.8136215 0 0 18.50239372 0 0 -44.96567913 0 0 -14.28039073 0 0 22.34820936 0 0 17.38715742 0 0 24.59185982 0 -29.1274414 -3.9735436 34.02476501 -104.36850737 0 89.99997707 0 0 0 0 0 0
-31.46700858 -3.47724341 -33.36303328 -77.31758879 -0.00002049 90.00014495 -33.32815169 -5.15452766 1.1243689 -77.31758879 -0.00002049 90.00014495 -31.46700858 -3.47724341 -33.36303328 -77.31758879 -0.00002049 90.00014495 -33.51401519 -5.00035572 -0.35200764 -104.36850737 -0.0000017 89.99997707 -29.12743949 -3.9735436 34.0247612 -104.36850737 -0.0000017 89.99997707 0 -17.5192852 0 -25.19212723 5.41830968 0 -90 -14.73177529 -0.00006179 0 -66.74819184 0 0 -26.91816326 0 0 0 0 0 0 0 179.99996945 73.71048737 -179.99993893 0 -30.85664938 0 0 33.70287705 0 0 43.88249205 0 0 18.78211404 0 0 -45.01399612 0 0 -14.687026 0 0 22.56260109 0 0 17.70869065 0 0 24.86354254 0 -29.12743949 -3.9735436 34.0247612 -104.36850737 -0.0000017 89.99997707 0 0 0 0 0 0
-31.46700858 -3.47724341 -33.36303328 -77.31758879 -0.00002049 90.00014495 -33.32815169 -5.15452766 1.1243689 -77.31758879 -0.00002049 90.00014495 -31.46700858 -3.47724341 -33.36303328 -77.31758879 -0.00002049 90.00014495 -33.51401519 -5.00035572 -0.35200764 -104.36850737 -0.0000017 89.99997707 -29.1274414 -3.9735436 34.02476882 -104.36850737 -0.0000017 89.99997707 0 -17.79144479 0 -25.19212723 5.34590624 0 -90 -14.73177529 -0.00006179 0 -67.51822662 0 0 -26.81114195 0 0 0 0 0 0 0 179.99996945 73.24803924 -179.99993893 0 -31.34506987 0 0 33.97338482 0 0 43.92840572 0 0 19.02196121 0 0 -45.11065292 0 0 -15.13906669 0 0 22.77707673 0 0 18.06611824 0 0 25.08099746 0 -29.1274414 -3.9735436 34.02476882 -104.36850737 -0.0000017 89.99997707 0 0 0 0 0 0
-31.46700858 -3.47724341 -33.36303328 -77.31758879 -0.0000239 90.00014495 -33.32815169 -5.15452766 1.1243689 -77.31758879 -0.0000239 90.00014495 -31.46700858 -3.47724341 -33.36303328 -77.31758879 -0.0000239 90.00014495 -33.51401519 -5.00035572 -0.35200764 -104.36850737 -0.00000341 89.9999847 -29.1274414 -3.9735436 34.02476882 -104.36850737 -0.00000341 89.9999847 0 -18.03345108 0 -25.19212723 5.29160165 0 -90 -14.73177529 -0.00006179 0 -68.26070403 0 0 -26.70413781 0 0 0 0 0 0 0 179.99996945 72.78703309 -179.99993893 0 -31.83407782 0 0 34.27796172 0 0 43.9513702 0 0 19.3018894 0 0 -45.15899276 0 0 -15.59134006 0 0 23.02228546 0 0 18.3879547 0 0 25.29854202 0 -29.1274414 -3.9735436 34.02476882 -104.36850737 -0.00000341 89.9999847 0 0 0 0 0 0
-31.46701049 -3.47724341 -33.36303328 -77.31758879 -0.00002219 90.00014495 -33.32815169 -5.15452766 1.1243689 -77.31758879 -0.00002219 90.00014495 -31.46701049 -3.47724341 -33.36303328 -77.31758879 -0.00002219 90.00014495 -33.51401519 -5.00035572 -0.35200764 -104.36850737 0 89.99997707 -29.1274414 -3.9735436 34.02476882 -104.36850737 0 89.99997707 0 -18.30579565 0 -25.19212723 5.2191987 0 -90 -14.73177529 -0.00006179 0 -68.97534938 0 0 -26.543684 0 0 0 0 0 0 0 179.99996945 72.35790251 -179.99993893 0 -32.32367323 0 0 34.54888534 0 0 43.9513702 0 0 19.5419178 0 0 -45.15898132 0 0 -16.04385376 0 0 23.23692893 0 0 18.70993233 0 0 25.5705986 0 -29.1274414 -3.9735436 34.02476882 -104.36850737 0 89.99997707 0 0 0 0 0 0
-31.46700858 -3.47724341 -33.36302946 -77.31758879 -0.00002219 90.00014495 -33.32815169 -5.15452766 1.1243689 -77.31758879 -0.00002219 90.00014495 -31.46700858 -3.47724341 -33.36302946 -77.31758879 -0.00002219 90.00014495 -33.51401519 -5.00035572 -0.35200764 -104.36850737 -0.0000017 89.99997707 -29.1274414 -3.9735436 34.02476501 -104.36850737 -0.0000017 89.99997707 0 -18.54798126 0 -25.19212723 5.14679384 0 -90 -14.73177529 -0.00006179 0 -69.66179654 0 0 -26.43673896 0 0 0 0 0 0 0 179.99996945 71.86891936 -179.99993893 0 -32.81388472 0 0 34.82002638 0 0 43.92839809 0 0 19.82206724 0 0 -45.15899276 0 0 -16.49663543 0 0 23.45166206 0 0 19.067873 0 0 25.78835107 0 -29.1274414 -3.9735436 34.02476501 -104.36850737 -0.0000017 89.99997707 0 0 0 0 0 0
-31.46700858 -3.47724341 -33.36303328 -77.31758879 -0.00002219 90.00014495 -33.32815169 -5.15452766 1.1243689 -77.31758879 -0.00002219 90.00014495 -31.46700858 -3.47724341 -33.36303328 -77.31758879 -0.00002219 90.00014495 -33.51401519 -5.00035572 -0.35200764 -104.36850737 -0.0000017 89.99997707 -29.1274414 -3.9735436 34.0247612 -104.36850737 -0.0000017 89.99997707 0 -18.79023744 0 -25.19212723 5.09249067 0 -90 -14.73177529 -0.00006179 0 -70.31972502 0 0 -26.27637862 0 0 0 0 0 0 0 179.99996945 71.41189574 -179.99993893 0 -33.27886199 0 0 35.05742645 0 0 43.8136215 0 0 20.06228447 0 0 -45.15899276 0 0 -16.94965359 0 0 23.66647145 0 0 19.39016532 0 0 26.00619888 0 -29.1274414 -3.9735436 34.0247612 -104.36850737 -0.0000017 89.99997707 0 0 0 0 0 0
-31.46700858 -3.47724341 -33.36303328 -77.31758879 -0.00002219 90.00014495 -33.32815169 -5.15452766 1.1243689 -77.31758879 -0.00002219 90.00014495 -31.46700858 -3.47724341 -33.36303328 -77.31758879 -0.00002219 90.00014495 -33.51401519 -5.00035572 -0.35200764 -104.36850737 0 89.99997707 -29.1274414 -3.9735436 34.0247612 -104.36850737 0 89.99997707 0 -19.06288719 0 -25.19212723 5.02008533 0 -90 -14.73177529 -0.00006179 0 -70.98031612 0 0 -26.06263733 0 0 0 0 0 0 0 179.99996945 70.89546965 -179.99995419 0 -33.7702942 0 0 35.29499054 0 0 43.65299604 0 0 20.34265898 0 0 -45.15899276 0 0 -17.44830512 0 0 23.85066985 0 0 19.7484665 0 0 26.27864455 0 -29.1274414 -3.9735436 34.0247612 -104.36850737 0 89.99997707 0 0 0 0 0 0
-31.46700477 -3.47724341 -33.36302946 -77.31758116 -0.00002219 90.00013732 -33.32814787 -5.15452766 1.12436878 -77.31758116 -0.00002219 90.00013732 -31.46700477 -3.47724341 -33.36302946 -77.31758116 -0.00002219 90.00013732 -33.51401519 -5.00035572 -0.35200764 -104.36850737 -0.0000017 89.99997707 -29.12743949 -3.9735436 34.02476501 -104.36850737 -0.0000017 89.99997707 0 -19.30532644 0 -25.19212723 4.9657826 0 -90 -14.73177529 -0.00006179 0 -71.61197659 0 0 -25.90239521 0 0 0 0 0 0 0 179.99996945 70.35051726 -179.99995419 0 -34.26235198 0 0 35.46477508 0 0 43.44660949 0 0 20.62314984 0 0 -45.15899276 0 0 -17.94727321 0 0 24.06563377 0 0 20.0710926 0 0 26.496706 0 -29.12743949 -3.9735436 34.02476501 -104.36850737 -0.0000017 89.99997707 0 0 0 0 0 0
-31.46700858 -3.47724341 -33.36302946 -77.31758879 -0.00002049 90.00014495 -33.32814787 -5.15452766 1.1243689 -77.31758879 -0.00002049 90.00014495 -31.46700858 -3.47724341 -33.36302946 -77.31758879 -0.00002049 90.00014495 -33.51401519 -5.00035572 -0.35200764 -104.36850737 -0.00000341 89.9999847 -29.1274414 -3.9735436 34.0247612 -104.36850737 -0.00000341 89.9999847 0 -19.54785728 0 -25.19212723 4.89337777 0 -90 -14.73177529 -0.00006179 0 -72.21438598 0 0 -25.74220086 0 0 0 0 0 0 0 179.99996945 69.77721406 -179.99995419 0 -34.72911835 0 0 35.66861722 0 0 43.19456482 0 0 20.94386669 0 0 -45.11065292 0 0 -18.44659232 0 0 24.24996375 0 0 20.42975997 0 0 26.71487046 0 -29.1274414 -3.9735436 34.0247612 -104.36850737 -0.00000341 89.9999847 0 0 0 0 0 0
-31.46701049 -3.47724341 -33.36303328 -77.31758879 -0.0000239 90.00013732 -33.32815169 -5.15452766 1.1243689 -77.31758879 -0.0000239 90.00013732 -31.46701049 -3.47724341 -33.36303328 -77.31758879 -0.0000239 90.00013732 -33.51401519 -5.00035572 -0.35200764 -104.36850737 -0.0000017 89.99997707 -29.1274414 -3.9735436 34.02476501 -104.36850737 -0.0000017 89.99997707 0 -19.79047586 0 -25.19212723 4.82097338 0 -90 -14.73177529 -0.00006179 0 -72.78724671 0 0 -25.52868652 0 0 0 0 0 0 0 179.99996945 69.20594024 -179.99995419 0 -35.22246551 0 0 35.80458067 0 0 42.89697646 0 0 21.22463035 0 0 -45.11065292 0 0 -18.94626613 0 0 24.43435668 0 0 20.78862954 0 0 26.93312832 0 -29.1274414 -3.9735436 34.02476501 -104.36850737 -0.0000017 89.99997707 0 0 0 0 0 0
-31.46701049 -3.47724341 -33.36302946 -77.31758879 -0.00002219 90.00014495 -33.32815169 -5.15452766 1.1243689 -77.31758879 -0.00002219 90.00014495 -31.46701049 -3.47724341 -33.36302946 -77.31758879 -0.00002219 90.00014495 -33.51401519 -5.00035572 -0.35200764 -104.36850737 -0.0000017 89.99997707 -29.1274414 -3.9735436 34.02476501 -104.36850737 -0.0000017 89.99997707 0 -20.06352996 0 -25.19212723 4.76666976 0 -90 -14.73177529 -0.00006179 0 -73.36222075 0 0 -25.31526564 0 0 0 0 0 0 0 179.9999847 68.60669705 -179.99995419 0 -35.69046781 0 0 35.94059749 0 0 42.57682418 0 0 21.54566192 0 0 -45.11065292 0 0 -19.49177932 0 0 24.61881253 0 0 21.1117897 0 0 27.15148925 0 -29.1274414 -3.9735436 34.02476501 -104.36850737 -0.0000017 89.99997707 0 0 0 0 0 0
-31.46701049 -3.47724341 -33.36303328 -77.31758116 -0.00002219 90.00013732 -33.32815169 -5.15452766 1.1243689 -77.31758116 -0.00002219 90.00013732 -31.46701049 -3.47724341 -33.36303328 -77.31758116 -0.00002219 90.00013732 -33.51401901 -5.00035572 -0.35200764 -104.36850737 0 89.99997707 -29.12744331 -3.9735436 34.02476501 -104.36850737 0 89.99997707 0 -20.30634306 0 -25.19212723 4.69426534 0 -90 -14.73177529 -0.00006179 0 -73.90722652 0 0 -25.0486145 0 0 0 0 0 0 0 179.9999847 67.97978206 -179.99995419 0 -36.15909195 0 0 36.07666778 0 0 42.21137237 0 0 21.90702434 0 0 -45.06232071 0 0 -19.99222561 0 0 24.80333136 0 0 21.47105597 0 0 27.42458152 0 -29.12744331 -3.9735436 34.02476501 -104.36850737 0 89.99997707 0 0 0 0 0 0
-31.46701049 -3.47724341 -33.36303328 -77.31758879 -0.00002219 90.00014495 -33.32815169 -5.15452766 1.1243689 -77.31758879 -0.00002219 90.00014495 -31.46701049 -3.47724341 -33.36303328 -77.31758879 -0.00002219 90.00014495 -33.51401901 -5.00035572 -0.35200764 -104.36850737 -0.00000341 89.9999847 -29.12744331 -3.97354384 34.02476501 -104.36850737 -0.00000341 89.9999847 0 -20.54924583 0 -25.19212723 4.62186048 0 -90 -14.73177529 -0.00006179 0 -74.48644256 0 0 -24.83539198 0 0 0 0 0 0 0 179.9999847 67.35517882 -179.99995419 0 -36.6283302 0 0 36.17874908 0 0 41.84636687 0 0 22.22842597 0 0 -45.06232071 0 0 -20.53860664 0 0 24.98792072 0 0 21.83053587 0 0 27.64317128 0 -29.12744331 -3.97354384 34.02476501 -104.36850737 -0.00000341 89.9999847 0 0 0 0 0 0
-31.46700858 -3.47724341 -33.36303328 -77.31758879 -0.00002049 90.00014495 -33.32814787 -5.15452766 1.1243689 -77.31758879 -0.00002049 90.00014495 -31.46700858 -3.47724341 -33.36303328 -77.31758879 -0.00002049 90.00014495 -33.51401519 -5.00035572 -0.35200764 -104.36850737 -0.00000341 89.9999847 -29.1274414 -3.9735436 34.02476501 -104.36850737 -0.00000341 89.9999847 0 -20.79224206 0 -25.19212723 4.56755733 0 -90 -14.73177529 -0.00006179 0 -75.03549957 0 0 -24.56898498 0 0 0 0 0 0 0 179.9999847 66.70325471 -179.99995419 0 -37.12434005 0 0 36.24681854 0 0 41.48181151 0 0 22.59020805 0 0 -45.01399612 0 0 -21.1310482 0 0 25.17257499 0 0 22.19023132 0 0 27.86186407 0 -29.1274414 -3.9735436 34.02476501 -104.36850737 -0.00000341 89.9999847 0 0 0 0 0 0
-31.46701049 -3.47724341 -33.36303328 -77.31758879 -0.0000239 90.00014495 -33.32815169 -5.15452766 1.1243689 -77.31758879 -0.0000239 90.00014495 -31.46701049 -3.47724341 -33.36303328 -77.31758879 -0.0000239 90.00014495 -33.51401519 -5.00035572 -0.35200764 -104.36850737 0 89.99997707 -29.12744331 -3.9735436 34.02476882 -104.36850737 0 89.99997707 0 -21.03533744 0 -25.19212723 4.49515199 0 -90 -14.73177529 -0.00006179 0 -75.58664703 0 0 -24.35595511 0 0 0 0 0 0 0 179.9999847 66.05375671 -179.99995419 0 -37.64724729 0 0 36.31490706 0 0 41.11767577 0 0 22.99246975 0 0 -45.01399612 0 0 -21.76971818 0 0 25.32650564 0 0 22.55015373 0 0 28.08065605 0 -29.12744331 -3.9735436 34.02476882 -104.36850737 0 89.99997707 0 0 0 0 0 0
-31.46700858 -3.47724341 -33.36303328 -77.31758879 -0.00002219 90.00014495 -33.32815169 -5.15452766 1.1243689 -77.31758879 -0.00002219 90.00014495 -31.46700858 -3.47724341 -33.36303328 -77.31758879 -0.00002219 90.00014495 -33.51401519 -5.00035572 -0.35200764 -104.36850737 -0.0000017 89.99997707 -29.1274414 -3.9735436 34.02476501 -104.36850737 -0.0000017 89.99997707 0 -21.27852439 0 -25.19212723 4.42274712 0 -90 -14.73177529 -0.00006179 0 -76.13983154 0 0 -24.08979606 0 0 0 0 0 0 0 179.9999847 65.37726591 -179.99995419 0 -38.22336196 0 0 36.38300322 0 0 40.75400163 0 0 23.39500426 0 0 -44.96567531 0 0 -22.50045585 0 0 25.51127815 0 0 22.8742771 0 0 28.29955482 0 -29.1274414 -3.9735436 34.02476501 -104.36850737 -0.0000017 89.99997707 0 0 0 0 0 0
-31.46700858 -3.47724341 -33.36303328 -77.31758879 -0.00002219 90.00014495 -33.32814787 -5.15452766 1.1243689 -77.31758879 -0.00002219 90.00014495 -31.46700858 -3.47724341 -33.36303328 -77.31758879 -0.00002219 90.00014495 -33.51401519 -5.00035572 -0.35200764 -104.36850737 -0.0000017 89.99997707 -29.1274414 -3.9735436 34.0247612 -104.36850737 -0.0000017 89.99997707 0 -21.52180862 0 -25.19212723 4.36844395 0 -90 -14.73177529 -0.00006179 0 -76.69507596 0 0 -23.82375906 0 0 0 0 0 0 0 179.9999847 64.70336915 -179.99995419 0 -38.80049513 0 0 36.45111465 0 0 40.41342543 0 0 23.79783822 0 0 -44.91738125 0 0 -23.32364653 0 0 25.6653156 0 0 23.23462676 0 0 28.5185585 0 -29.1274414 -3.9735436 34.0247612 -104.36850737 -0.0000017 89.99997707 0 0 0 0 0 0
-31.46700858 -3.47724341 -33.36302946 -77.31758879 -0.00002219 90.00014495 -33.32814787 -5.15452766 1.1243689 -77.31758879 -0.00002219 90.00014495 -31.46700858 -3.47724341 -33.36302946 -77.31758879 -0.00002219 90.00014495 -33.51401519 -5.00035572 -0.35200764 -104.36850737 -0.00000341 89.9999847 -29.1274414 -3.9735436 34.02476882 -104.36850737 -0.00000341 89.9999847 0 -21.76519204 0 -25.19212723 4.29603862 0 -90 -14.73177529 -0.00006179 0 -77.21961974 0 0 -23.50469017 0 0 0 0 0 0 0 179.9999847 64.00281524 -179.99995419 0 -39.4312477 0 0 36.48518371 0 0 40.07323455 0 0 24.24129485 0 0 -44.8690872 0 0 -24.1480503 0 0 25.85020636 0 0 23.59521293 0 0 28.737669 0 -29.1274414 -3.9735436 34.02476882 -104.36850737 -0.00000341 89.9999847 0 0 0 0 0 0
-31.46700858 -3.47724341 -33.36303328 -77.31758879 -0.00002049 90.00014495 -33.32815169 -5.15452766 1.1243689 -77.31758879 -0.00002049 90.00014495 -31.46700858 -3.47724341 -33.36303328 -77.31758879 -0.00002049 90.00014495 -33.51401519 -5.00035572 -0.35200764 -104.36850737 0 89.99997707 -29.1274414 -3.9735436 34.02476501 -104.36850737 0 89.99997707 0 -21.97822948 0 -25.19212723 4.22363567 0 -90 -14.73177529 -0.00006179 0 -77.77905274 0 0 -23.23894881 0 0 0 0 0 0 0 179.9999847 63.30495451 -179.99995419 0 -40.08961868 0 0 36.51924514 0 0 39.77869416 0 0 24.72548486 0 0 -44.8690872 0 0 -25.06554794 0 0 26.00434303 0 0 23.95602222 0 0 28.90207287 0 -29.1274414 -3.9735436 34.02476501 -104.36850737 0 89.99997707 0 0 0 0 0 0
-31.46700477 -3.47724341 -33.36303328 -77.31758879 -0.00002049 90.00014495 -33.32814787 -5.15452766 1.1243689 -77.31758879 -0.00002049 90.00014495 -31.46700477 -3.47724341 -33.36303328 -77.31758879 -0.00002049 90.00014495 -33.51401519 -5.00035572 -0.35200764 -104.36850737 -0.0000017 89.99997707 -29.1274414 -3.9735436 34.0247612 -104.36850737 -0.0000017 89.99997707 0 -22.22179794 0 -25.19212723 4.16933107 0 -90 -14.73177529 -0.00006179 0 -78.3076248 0 0 -22.92021938 0 0 0 0 0 0 0 179.9999847 62.60964581 -179.99995419 0 -40.80221174 0 0 36.51925277 0 0 39.52967452 0 0 25.21013831 0 0 -44.82079314 0 0 -26.07670402 0 0 26.1893711 0 0 24.31708906 0 0 29.12137222 0 -29.1274414 -3.9735436 34.0247612 -104.36850737 -0.0000017 89.99997707 0 0 0 0 0 0
-31.46700477 -3.47724341 -33.36302946 -77.31758879 -0.0000239 90.00013732 -33.32814787 -5.15452766 1.1243689 -77.31758879 -0.0000239 90.00013732 -31.46700477 -3.47724341 -33.36302946 -77.31758879 -0.0000239 90.00013732 -33.51401519 -5.00035572 -0.35200764 -104.36850737 -0.0000017 89.99997707 -29.12743949 -3.9735436 34.0247612 -104.36850737 -0.0000017 89.99997707 0 -22.46546935 0 -25.19212723 4.09692764 0 -90 -14.73177529 -0.00006179 0 -78.83815764 0 0 -22.65474889 0 0 0 0 0 0 0 179.9999847 61.88814543 -179.99996945 0 -41.51646423 0 0 36.55331421 0 0 39.30348204 0 0 25.69523237 0 0 -44.77251435 0 0 -27.0899105 0 0 26.37446211 0 0 24.67839238 0 0 29.34077833 0 -29.12743949 -3.9735436 34.0247612 -104.36850737 -0.0000017 89.99997707 0 0 0 0 0 0
-31.46700858 -3.47724341 -33.36303328 -77.31758879 -0.00002219 90.00014495 -33.32815169 -5.15452766 1.1243689 -77.31758879 -0.00002219 90.00014495 -31.46700858 -3.47724341 -33.36303328 -77.31758879 -0.00002219 90.00014495 -33.51401519 -5.00035572 -0.35200764 -104.36850737 -0.00000341 89.9999847 -29.1274414 -3.9735436 34.02476501 -104.36850737 -0.00000341 89.9999847 0 -22.67877194 0 -25.19212723 4.04262304 0 -90 -14.73177529 -0.00006179 0 -79.37073515 0 0 -22.33634184 0 0 0 0 0 0 0 179.9999847 61.16932296 -179.99996945 0 -42.25896072 0 0 36.55331421 0 0 39.14522552 0 0 26.2212944 0 0 -44.72423936 0 0 -28.19772148 0 0 26.52876663 0 0 25.03995895 0 0 29.56030082 0 -29.1274414 -3.9735436 34.02476501 -104.36850737 -0.00000341 89.9999847 0 0 0 0 0 0
-31.46700858 -3.47724341 -33.36303328 -77.31758879 -0.00002049 90.00014495 -33.32815169 -5.15452766 1.1243689 -77.31758879 -0.00002049 90.00014495 -31.46700858 -3.47724341 -33.36303328 -77.31758879 -0.00002049 90.00014495 -33.51401519 -5.00035572 -0.35200764 -104.36850737 0 89.99997707 -29.1274414 -3.9735436 34.02476501 -104.36850737 0 89.99997707 0 -22.92263027 0 -25.19212723 3.97021957 0 -90 -14.73177529 -0.00006179 0 -79.87189482 0 0 -22.0181179 0 0 0 0 0 0 0 179.9999847 60.45318603 -179.99996945 0 -43.02992248 0 0 36.55331421 0 0 39.05483627 0 0 26.78844262 0 0 -44.67597577 0 0 -29.35453414 0 0 26.68311116 0 0 25.40175818 0 0 29.77992249 0 -29.1274414 -3.9735436 34.02476501 -104.36850737 0 89.99997707 0 0 0 0 0 0
-31.46701049 -3.47724341 -33.36303328 -77.31758879 -0.00002219 90.00014495 -33.32815169 -5.15452766 1.1243689 -77.31758879 -0.00002219 90.00014495 -31.46701049 -3.47724341 -33.36303328 -77.31758879 -0.00002219 90.00014495 -33.51401519 -5.00035572 -0.35200764 -104.36850737 -0.00000341 89.9999847 -29.12744331 -3.9735436 34.02476882 -104.36850737 -0.00000341 89.9999847 0 -23.13610076 0 -25.19212723 3.91591616 0 -90 -14.73177529 -0.00006179 0 -80.40849303 0 0 -21.7000599 0 0 0 0 0 0 0 179.9999847 59.73962022 -179.99996945 0 -43.8296356 0 0 36.55331421 0 0 39.00964736 0 0 27.39684867 0 0 -44.62772367 0 0 -30.5608921 0 0 26.86839102 0 0 25.76382638 0 0 29.94472118 0 -29.12744331 -3.9735436 34.02476882 -104.36850737 -0.00000341 89.9999847 0 0 0 0 0 0
-31.46701049 -3.47724341 -33.36303328 -77.31758116 -0.00002219 90.00013732 -33.32815169 -5.15452766 1.1243689 -77.31758116 -0.00002219 90.00013732 -31.46701049 -3.47724341 -33.36303328 -77.31758116 -0.00002219 90.00013732 -33.51401519 -5.00035572 -0.35200764 -104.36850737 0 89.99997707 -29.12744331 -3.9735436 34.02476882 -104.36850737 0 89.99997707 0 -23.38016508 0 -25.19212723 3.84351157 0 -90 -14.73177529 -0.00006179 0 -80.91349788 0 0 -21.32920836 0 0 0 0 0 0 0 179.9999847 59.05699158 -179.99996945 0 -44.65837476 0 0 36.55331421 0 0 39.00964736 0 0 28.00604629 0 0 -44.5794754 0 0 -31.81732939 0 0 27.02285003 0 0 26.1624031 0 0 30.16455078 0 -29.12744331 -3.9735436 34.02476882 -104.36850737 0 89.99997707 0 0 0 0 0 0
-31.46701049 -3.47724341 -33.36303328 -77.31758879 -0.00002219 90.00014495 -33.32815169 -5.15452766 1.1243689 -77.31758879 -0.00002219 90.00014495 -31.46701049 -3.47724341 -33.36303328 -77.31758879 -0.00002219 90.00014495 -33.51401519 -5.00035572 -0.35200764 -104.36850737 -0.00000341 89.9999847 -29.1274414 -3.9735436 34.02476882 -104.36850737 -0.00000341 89.9999847 0 -23.59380722 0 -25.19212723 3.77110696 0 -90 -14.73177529 -0.00006179 0 -81.42043303 0 0 -21.01151657 0 0 0 0 0 0 0 179.9999847 58.3483734 -179.99996945 0 -45.48957824 0 0 36.51924514 0 0 39.00964736 0 0 28.61604878 0 0 -44.53124237 0 0 -33.12446212 0 0 27.2082653 0 0 26.52502632 0 0 30.32948874 0 -29.1274414 -3.9735436 34.02476882 -104.36850737 -0.00000341 89.9999847 0 0 0 0 0 0
-31.46700858 -3.47724341 -33.36303328 -77.31758116 -0.00002219 90.00013732 -33.32815169 -5.15452766 1.1243689 -77.31758116 -0.00002219 90.00013732 -31.46700858 -3.47724341 -33.36303328 -77.31758116 -0.00002219 90.00013732 -33.51401519 -5.00035572 -0.35200764 -104.36850737 0 89.99997707 -29.1274414 -3.9735436 34.02476501 -104.36850737 0 89.99997707 0 -23.80753706 0 -25.19212723 3.71680332 0 -90 -14.73177529 -0.00006179 0 -81.92923732 0 0 -20.69398496 0 0 0 0 0 0 0 180 57.64218518 -179.99996945 0 -46.35026549 0 0 36.48518371 0 0 39.00964736 0 0 29.30838965 0 0 -44.48300933 0 0 -34.4360504 0 0 27.3628311 0 0 26.88791846 0 0 30.54951667 0 -29.1274414 -3.9735436 34.02476501 -104.36850737 0 89.99997707 0 0 0 0 0 0
-31.46700858 -3.47724341 -33.36303328 -77.31758879 -0.00002219 90.00014495 -33.32815169 -5.15452766 1.1243689 -77.31758879 -0.00002219 90.00014495 -31.46700858 -3.47724341 -33.36303328 -77.31758879 -0.00002219 90.00014495 -33.51401519 -5.00035572 -0.35200764 -104.36850737 -0.0000017 89.99997707 -29.1274414 -3.9735436 34.02476882 -104.36850737 -0.0000017 89.99997707 0 -24.05190277 0 -25.19212723 3.64439818 0 -90 -14.73177529 -0.00006179 0 -82.4400711 0 0 -20.32373236 0 0 0 0 0 0 0 180 56.93835445 -179.99996945 0 -47.24076843 0 0 36.41706084 0 0 39.00964736 0 0 30.00183868 0 0 -44.43478393 0 0 -35.84652327 0 0 27.51745224 0 0 27.25109672 0 0 30.71461678 0 -29.1274414 -3.9735436 34.02476882 -104.36850737 -0.0000017 89.99997707 0 0 0 0 0 0
-31.46700858 -3.47724341 -33.36303328 -77.31758879 -0.00002219 90.00014495 -33.32815169 -5.15452766 1.1243689 -77.31758879 -0.00002219 90.00014495 -31.46700858 -3.47724341 -33.36303328 -77.31758879 -0.00002219 90.00014495 -33.51401519 -5.00035572 -0.35200764 -104.36850737 -0.0000017 89.99997707 -29.1274414 -3.9735436 34.02476501 -104.36850737 -0.0000017 89.99997707 0 -24.26580619 0 -25.19212723 3.59009552 0 -90 -14.73177529 -0.00006179 0 -82.95288082 0 0 -20.00654983 0 0 0 0 0 0 0 180 56.2649269 -179.99996945 0 -48.13426971 0 0 36.31490706 0 0 39.03224182 0 0 30.73728562 0 0 -44.38657378 0 0 -37.26260375 0 0 27.67212102 0 0 27.61453244 0 0 30.93483539 0 -29.1274414 -3.9735436 34.02476501 -104.36850737 -0.0000017 89.99997707 0 0 0 0 0 0
-31.46700858 -3.47724341 -33.36303328 -77.31758879 -0.00002219 90.00014495 -33.32815169 -5.15452766 1.1243689 -77.31758879 -0.00002219 90.00014495 -31.46700858 -3.47724341 -33.36303328 -77.31758879 -0.00002219 90.00014495 -33.51401519 -5.00035572 -0.35200764 -104.36850737 -0.0000017 89.99997707 -29.1274414 -3.9735436 34.02476501 -104.36850737 -0.0000017 89.99997707 0 -24.47979926 0 -25.19212723 3.51769018 0 -90 -14.73177529 -0.00006179 0 -83.43331908 0 0 -19.63669202 0 0 0 0 0 0 0 180 55.59358215 -179.99996945 0 -49.03093338 0 0 36.21278381 0 0 39.03224182 0 0 31.5150299 0 0 -44.29017257 0 0 -38.73214722 0 0 27.85778998 0 0 27.97826763 0 0 31.10009193 0 -29.1274414 -3.9735436 34.02476501 -104.36850737 -0.0000017 89.99997707 0 0 0 0 0 0
-31.46700858 -3.47724341 -33.36303328 -77.31758879 -0.00002219 90.00014495 -33.32815169 -5.15452766 1.1243689 -77.31758879 -0.00002219 90.00014495 -31.46700858 -3.47724341 -33.36303328 -77.31758879 -0.00002219 90.00014495 -33.51401519 -5.00035572 -0.35200764 -104.36850737 -0.0000017 89.99997707 -29.1274414 -3.9735436 34.02476501 -104.36850737 -0.0000017 89.99997707 0 -24.69388578 0 -25.19212723 3.46338629 0 -90 -14.73177529 -0.00006179 0 -83.91571804 0 0 -19.26704215 0 0 0 0 0 0 0 180 54.92430874 -179.99996945 0 -49.95810314 0 0 36.11068343 0 0 39.03224182 0 0 32.33528898 0 0 -44.2419815 0 0 -40.20833205 0 0 28.01257896 0 0 28.37870978 0 0 31.32052229 0 -29.1274414 -3.9735436 34.02476501 -104.36850737 -0.0000017 89.99997707 0 0 0 0 0 0
-31.46700477 -3.47724341 -33.36302946 -77.31758879 -0.00002219 90.00014495 -33.32814787 -5.15452766 1.1243689 -77.31758879 -0.00002219 90.00014495 -31.46700477 -3.47724341 -33.36302946 -77.31758879 -0.00002219 90.00014495 -33.51401519 -5.00035572 -0.35200764 -104.36850737 -0.0000017 89.99997707 -29.12743949 -3.9735436 34.0247612 -104.36850737 -0.0000017 89.99997707 0 -24.90805431 0 -25.19212723 3.39098238 0 -90 -14.73177529 -0.00006179 0 -84.39975737 0 0 -18.89759635 0 0 0 0 0 0 0 180 54.25705718 -179.99996945 0 -50.88879774 0 0 35.97460552 0 0 39.05484009 0 0 33.15727234 0 0 -44.19379806 0 0 -41.73947144 0 0 28.1674118 0 0 28.74304581 0 0 31.48592948 0 -29.12743949 -3.9735436 34.0247612 -104.36850737 -0.0000017 89.99997707 0 0 0 0 0 0
-31.46700477 -3.47724341 -33.36302946 -77.31758879 -0.00002219 90.00014495 -33.32814787 -5.15452766 1.1243689 -77.31758879 -0.00002219 90.00014495 -31.46700477 -3.47724341 -33.36302946 -77.31758879 -0.00002219 90.00014495 -33.51401519 -5.00035572 -0.35200764 -104.36850737 -0.0000017 89.99997707 -29.12743949 -3.9735436 34.0247612 -104.36850737 -0.0000017 89.99997707 0 -25.12231063 0 -25.19212723 3.33667849 0 -90 -14.73177529 -0.00006179 0 -84.88572691 0 0 -18.5810852 0 0 0 0 0 0 0 180 53.6194801 -179.99996945 0 -51.82307051 0 0 35.83858488 0 0 39.07743072 0 0 34.0222435 0 0 -44.14562606 0 0 -43.3266754 0 0 28.32229994 0 0 29.10767745 0 0 31.65140722 0 -29.12743949 -3.9735436 34.0247612 -104.36850737 -0.0000017 89.99997707 0 0 0 0 0 0
-31.46700858 -3.47724341 -33.36303328 -77.31758879 -0.00002219 90.00014495 -33.32815169 -5.15452766 1.1243689 -77.31758879 -0.00002219 90.00014495 -31.46700858 -3.47724341 -33.36303328 -77.31758879 -0.00002219 90.00014495 -33.51401519 -5.00035572 -0.35200764 -104.36850737 -0.0000017 89.99997707 -29.1274414 -3.9735436 34.02476501 -104.36850737 -0.0000017 89.99997707 0 -25.30603026 0 -25.19212723 3.28237628 0 -90 -14.73177529 -0.00006179 0 -85.37356566 0 0 -18.21201133 0 0 0 0 0 0 0 180 53.01129913 -179.99996945 0 -52.76108933 0 0 35.66861722 0 0 39.10002899 0 0 35.01322555 0 0 -44.04931259 0 0 -44.9226379 0 0 28.47723578 0 0 29.47261428 0 0 31.81693457 0 -29.1274414 -3.9735436 34.02476501 -104.36850737 -0.0000017 89.99997707 0 0 0 0 0 0
-31.46700858 -3.47724341 -33.36303328 -77.31758879 -0.00002219 90.00014495 -33.32815169 -5.15452766 1.1243689 -77.31758879 -0.00002219 90.00014495 -31.46700858 -3.47724341 -33.36303328 -77.31758879 -0.00002219 90.00014495 -33.51401519 -5.00035572 -0.35200764 -104.36850737 -0.0000017 89.99997707 -29.1274414 -3.9735436 34.02476501 -104.36850737 -0.0000017 89.99997707 0 -25.52045822 0 -25.19212723 3.2099707 0 -90 -14.73177529 -0.00006179 0 -85.86335753 0 0 -17.84311484 0 0 0 0 0 0 0 180 52.40470504 -179.99996945 0 -53.7306862 0 0 35.46477508 0 0 39.14523315 0 0 36.13135909 0 0 -44.00116348 0 0 -46.52788925 0 0 28.63223455 0 0 29.87440108 0 0 31.98254581 0 -29.1274414 -3.9735436 34.02476501 -104.36850737 -0.0000017 89.99997707 0 0 0 0 0 0
-31.46700858 -3.47724341 -33.36303328 -77.31758879 -0.00002219 90.00014495 -33.32815169 -5.15452766 1.1243689 -77.31758879 -0.00002219 90.00014495 -31.46700858 -3.47724341 -33.36303328 -77.31758879 -0.00002219 90.00014495 -33.51401519 -5.00035572 -0.35200764 -104.36850737 -0.0000017 89.99997707 -29.1274414 -3.9735436 34.02476501 -104.36850737 -0.0000017 89.99997707 0 -25.70431519 0 -25.19212723 3.15566825 0 -90 -14.73177529 -0.00006179 0 -86.31990812 0 0 -17.47441481 0 0 0 0 0 0 0 180 51.82717512 -179.99996945 0 -54.67655942 0 0 35.29499054 0 0 39.16783142 0 0 37.37788008 0 0 -43.95301815 0 0 -48.14282226 0 0 28.78728104 0 0 30.23998641 0 0 32.14821243 0 -29.1274414 -3.9735436 34.02476501 -104.36850737 -0.0000017 89.99997707 0 0 0 0 0 0
-31.46700858 -3.47724341 -33.36303328 -77.31758879 -0.00002219 90.00014495 -33.32815169 -5.15452766 1.1243689 -77.31758879 -0.00002219 90.00014495 -31.46700858 -3.47724341 -33.36303328 -77.31758879 -0.00002219 90.00014495 -33.51401519 -5.00035572 -0.35200764 -104.36850737 -0.0000017 89.99997707 -29.1274414 -3.9735436 34.02476501 -104.36850737 -0.0000017 89.99997707 0 -25.91891666 0 -25.19212723 3.08326292 0 -90 -14.73177529 -0.00006179 0 -86.77821351 0 0 -17.10588836 0 0 0 0 0 0 0 180 51.25104141 -179.99996945 0 -55.65452192 0 0 35.09135437 0 0 39.21304321 0 0 38.71261979 0 0 -43.85676955 0 0 -49.81744765 0 0 28.94238087 0 0 30.60589024 0 0 32.31396864 0 -29.1274414 -3.9735436 34.02476501 -104.36850737 -0.0000017 89.99997707 0 0 0 0 0 0
-31.46700858 -3.47724341 -33.36303328 -77.31758879 -0.00002219 90.00014495 -33.32815169 -5.15452766 1.1243689 -77.31758879 -0.00002219 90.00014495 -31.46700858 -3.47724341 -33.36303328 -77.31758879 -0.00002219 90.00014495 -33.51401519 -5.00035572 -0.35200764 -104.36850737 -0.0000017 89.99997707 -29.1274414 -3.9735436 34.02476501 -104.36850737 -0.0000017 89.99997707 0 -26.10291862 0 -25.19212723 3.02896022 0 -90 -14.73177529 -0.00006179 0 -87.23819732 0 0 -16.73754884 0 0 0 0 0 0 0 180 50.73097611 -179.99996945 0 -56.60874936 0 0 34.85392378 0 0 39.28086852 0 0 40.17874145 0 0 -43.80865095 0 0 -51.50346374 0 0 29.09753418 0 0 30.97211071 0 0 32.47977828 0 -29.1274414 -3.9735436 34.02476501 -104.36850737 -0.0000017 89.99997707 0 0 0 0 0 0
-31.46700858 -3.47724341 -33.36303328 -77.31758879 -0.00002219 90.00014495 -33.32815169 -5.15452766 1.1243689 -77.31758879 -0.00002219 90.00014495 -31.46700858 -3.47724341 -33.36303328 -77.31758879 -0.00002219 90.00014495 -33.51401519 -5.00035572 -0.35200764 -104.36850737 -0.0000017 89.99997707 -29.1274414 -3.9735436 34.02476501 -104.36850737 -0.0000017 89.99997707 0 -26.28699684 0 -25.19212723 2.97465654 0 -90 -14.73177529 -0.00006179 0 -87.69990537 0 0 -16.36938093 0 0 0 0 0 0 0 180 50.2120285 -179.99996945 0 -57.59553528 0 0 34.6166496 0 0 39.32608794 0 0 41.6939697 0 0 -43.71245194 0 0 -53.15144348 0 0 29.22170066 0 0 31.37532805 0 0 32.64565656 0 -29.1274414 -3.9735436 34.02476501 -104.36850737 -0.0000017 89.99997707 0 0 0 0 0 0
-31.46700858 -3.47724341 -33.36303328 -77.31758879 -0.00002219 90.00014495 -33.32815169 -5.15452766 1.1243689 -77.31758879 -0.00002219 90.00014495 -31.46700858 -3.47724341 -33.36303328 -77.31758879 -0.00002219 90.00014495 -33.51401519 -5.00035572 -0.35200764 -104.36850737 -0.0000017 89.99997707 -29.1274414 -3.9735436 34.02476501 -104.36850737 -0.0000017 89.99997707 0 -26.5018444 0 -25.19212723 2.90225216 0 -90 -14.73177529 -0.00006179 0 -88.1634674 0 0 -16.00137901 0 0 0 0 0 0 0 180 49.72140504 -179.99996945 0 -58.55863952 0 0 34.34566878 0 0 39.4844284 0 0 43.30170439 0 0 -43.66436002 0 0 -54.86186217 0 0 29.37695502 0 0 31.74223901 0 0 32.81161497 0 -29.1274414 -3.9735436 34.02476501 -104.36850737 -0.0000017 89.99997707 0 0 0 0 0 0
-31.46700858 -3.47724341 -33.36303328 -77.31758879 -0.00002219 90.00014495 -33.32815169 -5.15452766 1.1243689 -77.31758879 -0.00002219 90.00014495 -31.46700858 -3.47724341 -33.36303328 -77.31758879 -0.00002219 90.00014495 -33.51401519 -5.00035572 -0.35200764 -104.36850737 -0.0000017 89.99997707 -29.1274414 -3.9735436 34.02476501 -104.36850737 -0.0000017 89.99997707 0 -26.68607518 0 -25.19212723 2.84794877 0 -90 -14.73177529 -0.00006179 0 -88.59305572 0 0 -15.6335468 0 0 0 0 0 0 0 180 49.23175811 -179.99996945 0 -59.49776458 0 0 34.0748825 0 0 39.77869416 0 0 44.96112057 0 0 -43.56819915 0 0 -56.58562851 0 0 29.5322628 0 0 32.10947799 0 0 32.97763439 0 -29.1274414 -3.9735436 34.02476501 -104.36850737 -0.0000017 89.99997707 0 0 0 0 0 0
-31.46700858 -3.47724341 -33.36303328 -77.31758879 -0.00002219 90.00014495 -33.32815169 -5.15452766 1.1243689 -77.31758879 -0.00002219 90.00014495 -31.46700858 -3.47724341 -33.36303328 -77.31758879 -0.00002219 90.00014495 -33.51401519 -5.00035572 -0.35200764 -104.36850737 -0.0000017 89.99997707 -29.1274414 -3.9735436 34.02476501 -104.36850737 -0.0000017 89.99997707 0 -26.87037657 0 -25.19212723 2.79364539 0 -90 -14.73177529 -0.00006179 0.00000118 -89.02401733 0.00000121 0 -15.2658739 0 0 0 0 0 0 0 180 48.79731752 -179.99996945 0 -60.46997451 0 0 33.80429457 0 0 40.23194503 0 0 46.6305351 0 0 -43.52013015 0 0 -58.32347868 0 0 29.65655134 0 0 32.51383972 0 0 33.08836364 0 -29.1274414 -3.9735436 34.02476501 -104.36850737 -0.0000017 89.99997707 0 0 0 0 0 0
-31.46700858 -3.47724341 -33.36303328 -77.31758879 -0.00002219 90.00014495 -33.32815169 -5.15452766 1.1243689 -77.31758879 -0.00002219 90.00014495 -31.46700858 -3.47724341 -33.36303328 -77.31758879 -0.00002219 90.00014495 -33.51401519 -5.00035572 -0.35200764 -104.36850737 -0.0000017 89.99997707 -29.1274414 -3.9735436 34.02476501 -104.36850737 -0.0000017 89.99997707 0 -27.02401351 0 -25.19212723 2.72123981 0 -90 -14.73177529 -0.00006179 0.00000213 -89.45679473 0.00000217 0 -14.89835547 0 0 0 0 0 0 0 180 48.3907051 -179.99996945 0 -61.41819381 0 0 33.50010299 0 0 40.84489439 0 0 48.35373686 0 0 -43.42402266 0 0 -60.02441406 0 0 29.81196211 0 0 32.88180159 0 0 33.25450515 0 -29.1274414 -3.9735436 34.02476501 -104.36850737 -0.0000017 89.99997707 0 0 0 0 0 0
-31.46700858 -3.47724341 -33.36303328 -77.31758879 -0.00002219 90.00014495 -33.32815169 -5.15452766 1.1243689 -77.31758879 -0.00002219 90.00014495 -31.46700858 -3.47724341 -33.36303328 -77.31758879 -0.00002219 90.00014495 -33.51401519 -5.00035572 -0.35200764 -104.36850737 -0.0000017 89.99997707 -29.1274414 -3.9735436 34.02476501 -104.36850737 -0.0000017 89.99997707 0 -27.20844268 0 -25.19212723 2.66693709 0 -90 -14.73177529 -0.00006091 0.00001073 -89.89164733 0.00001076 0 -14.53100204 0 0 0 0 0 0 0 180 48.01179122 -179.99996945 0 -62.37111662 0 0 33.1961708 0 0 41.5729103 0 0 50.04509735 0 0 -43.37598417 0 0 -61.79222871 0 0 29.93632313 0 0 33.25010681 0 0 33.36530302 0 -29.1274414 -3.9735436 34.02476501 -104.36850737 -0.0000017 89.99997707 0 0 0 0 0 0
-31.46700858 -3.47724341 -33.36303328 -77.31758879 -0.00001878 90.00014495 -33.32815169 -5.15452766 1.1243689 -77.31758879 -0.00001878 90.00014495 -31.46700858 -3.47724341 -33.36303328 -77.31758879 -0.00001878 90.00014495 -33.51401519 -5.00035572 -0.35200764 -104.36850737 -0.0000017 89.99997707 -29.1274414 -3.9735436 34.02476501 -104.36850737 -0.0000017 89.99997707 0 -27.39294623 0 -25.19212723 2.6126332 0 -90 -14.73177529 -0.00006267 180 -89.67374417 180 0 -14.16378498 0 0 0 0 0 0 0 180 47.68743512 -179.99996945 0 -63.29978942 0 0 32.8587303 0 0 42.46258544 0 0 51.79206849 0 0 -43.27992248 0 0 -63.52384567 0 0 30.0607357 0 0 33.6556587 0 0 33.53157806 0 -29.1274414 -3.9735436 34.02476501 -104.36850737 -0.0000017 89.99997707 0 0 0 0 0 0
-31.46700858 -3.47724341 -33.36303328 -77.31758879 -0.00002049 90.00014495 -33.32815169 -5.15452766 1.1243689 -77.31758879 -0.00002049 90.00014495 -31.46700858 -3.47724341 -33.36303328 -77.31758879 -0.00002049 90.00014495 -33.51401519 -5.00035572 -0.35200764 -104.36850737 -0.0000017 89.99997707 -29.1274414 -3.9735436 34.02476501 -104.36850737 -0.0000017 89.99997707 0 -27.54675674 0 -25.19212723 2.55832958 0 -90 -14.73177529 -0.00006267 180 -89.23484801 180 0 -13.79672338 0 0 0 0 0 0 0 180 47.3635063 -179.99996945 0 -64.20384216 0 0 32.48790359 0 0 43.44662093 0 0 53.46372222 0 0 -43.18388748 0 0 -65.27181243 0 0 30.21629333 0 0 34.02472305 0 0 33.64246747 0 -29.1274414 -3.9735436 34.02476501 -104.36850737 -0.0000017 89.99997707 0 0 0 0 0 0
-31.46700858 -3.47724341 -33.36303328 -77.31758879 -0.00002049 90.00014495 -33.32815169 -5.15452766 1.1243689 -77.31758879 -0.00002049 90.00014495 -31.46700858 -3.47724341 -33.36303328 -77.31758879 -0.00002049 90.00014495 -33.51401519 -5.00035572 -0.35200764 -104.36850737 -0.0000017 89.99997707 -29.1274414 -3.9735436 34.02476501 -104.36850737 -0.0000017 89.99997707 0 -27.73138428 0 -25.19212723 2.50402688 0 -90 -14.73177529 -0.00006179 180 -88.83282469 180 0 -13.42980861 0 0 0 0 0 0 0 180 47.09385681 -179.99996945 0 -65.14179992 0 0 32.11742019 0 0 44.57207488 0 0 55.10323333 0 0 -43.13589095 0 0 -66.98323055 0 0 30.3407688 0 0 34.39413832 0 0 33.80883406 0 -29.1274414 -3.9735436 34.02476501 -104.36850737 -0.0000017 89.99997707 0 0 0 0 0 0
-31.46700858 -3.47724341 -33.36303328 -77.31758879 -0.00002049 90.00014495 -33.32815169 -5.15452766 1.1243689 -77.31758879 -0.00002049 90.00014495 -31.46700858 -3.47724341 -33.36303328 -77.31758879 -0.00002049 90.00014495 -33.51401519 -5.00035572 -0.35200764 -104.36850737 0 89.99997707 -29.1274414 -3.9735436 34.02476882 -104.36850737 0 89.99997707 0 -27.88530539 0 -25.19212723 2.44972252 0 -90 -14.73177529 -0.00006179 180 -88.42865752 180 0 -13.06302356 0 0 0 0 0 0 0 180 46.87833784 -179.99996945 0 -66.02561187 0 0 31.71364785 0 0 45.81769179 0 0 56.71032334 0 0 -43.03991317 0 0 -68.71178437 0 0 30.46529387 0 0 34.7639351 0 0 33.91979976 0 -29.1274414 -3.9735436 34.02476882 -104.36850737 0 89.99997707 0 0 0 0 0 0
-31.46700858 -3.47724341 -33.36303328 -77.31758879 -0.00002219 90.00014495 -33.32815169 -5.15452766 1.1243689 -77.31758879 -0.00002219 90.00014495 -31.46700858 -3.47724341 -33.36303328 -77.31758879 -0.00002219 90.00014495 -33.51401519 -5.00035572 -0.35200764 -104.36850737 -0.00000341 89.9999847 -29.1274414 -3.9735436 34.0247612 -104.36850737 -0.00000341 89.9999847 0 -28.03927421 0 -25.19212723 2.37731884 0 -90 -14.73177529 -0.00006091 180 -88.02295684 180 0 -12.74874593 0 0 0 0 0 0 0 180 46.6630058 -179.99996945 0 -66.94354244 0 0 31.31027792 0 0 47.16193008 0 0 58.23933028 0 0 -42.94396206 0 0 -70.45829009 0 0 30.58985328 0 0 35.17113113 0 0 34.03080368 0 -29.1274414 -3.9735436 34.0247612 -104.36850737 -0.00000341 89.9999847 0 0 0 0 0 0
-31.46700858 -3.47724341 -33.36302946 -77.31758879 -0.00002219 90.00014495 -33.32815169 -5.15452766 1.1243689 -77.31758879 -0.00002219 90.00014495 -31.46700858 -3.47724341 -33.36302946 -77.31758879 -0.00002219 90.00014495 -33.51401519 -5.00035572 -0.35200764 -104.36850737 -0.0000017 89.99997707 -29.1274414 -3.9735436 34.02476501 -104.36850737 -0.0000017 89.99997707 0 -28.19329834 0 -25.19212723 2.32301472 0 -90 -14.73177529 -0.00006179 180 -87.61607358 180 0 -12.38220213 0 0 0 0 0 0 0 180 46.52850341 -179.99996945 0 -67.89627074 0 0 30.87374304 0 0 48.6065788 0 0 59.68889997 0 0 -42.89599608 0 0 -72.16839599 0 0 30.71445275 0 0 35.54171371 0 0 34.14183044 0 -29.1274414 -3.9735436 34.02476501 -104.36850737 -0.0000017 89.99997707 0 0 0 0 0 0
-31.46700858 -3.47724341 -33.36303328 -77.31758879 -0.00001878 90.00014495 -33.32815169 -5.15452766 1.1243689 -77.31758879 -0.00001878 90.00014495 -31.46700858 -3.47724341 -33.36303328 -77.31758879 -0.00001878 90.00014495 -33.51401519 -5.00035572 -0.35200764 -104.36850737 -0.0000017 89.99997707 -29.1274414 -3.9735436 34.02476501 -104.36850737 -0.0000017 89.99997707 0 -28.34737013 0 -25.19212723 2.26871228 0 -90 -14.73177529 -0.00006179 180 -87.20725249 180 0 -12.01580047 0 0 0 0 0 0 0 180 46.39407347 -179.99996945 0 -68.85426329 0 0 30.43767356 0 0 50.15349197 0 0 61.05741119 0 0 -42.8000984 0 0 -73.84117888 0 0 30.83907889 0 0 35.91268154 0 0 34.25289535 0 -29.1274414 -3.9735436 34.02476501 -104.36850737 -0.0000017 89.99997707 0 0 0 0 0 0
-31.46700858 -3.47724341 -33.36303328 -77.31758879 -0.00002049 90.00014495 -33.32815169 -5.15452766 1.1243689 -77.31758879 -0.00002049 90.00014495 -31.46700858 -3.47724341 -33.36303328 -77.31758879 -0.00002049 90.00014495 -33.51401519 -5.00035572 -0.35200764 -104.36850737 -0.00000341 89.9999847 -29.1274414 -3.9735436 34.02476501 -104.36850737 -0.00000341 89.9999847 0 -28.50149917 0 -25.19212723 2.21440887 0 -90 -14.73177529 -0.00006179 180 -86.8346176 180 0 -11.70183182 0 0 0 0 0 0 0 180 46.34032057 -179.99996945 0 -69.87824248 0 0 29.96855541 0 0 51.78126145 0 0 62.29741287 0 0 -42.75215531 0 0 -75.53254699 0 0 30.93258091 0 0 36.32118986 0 0 34.36399077 0 -29.1274414 -3.9735436 34.02476501 -104.36850737 -0.00000341 89.9999847 0 0 0 0 0 0
-31.46700858 -3.47724341 -33.36302946 -77.31758879 -0.00002219 90.00014495 -33.32815169 -5.15452766 1.1243689 -77.31758879 -0.00002219 90.00014495 -31.46700858 -3.47724341 -33.36302946 -77.31758879 -0.00002219 90.00014495 -33.51401519 -5.00035572 -0.35200764 -104.36850737 -0.0000017 89.99997707 -29.1274414 -3.9735436 34.02476501 -104.36850737 -0.0000017 89.99997707 0 -28.65567586 0 -25.19212723 2.16010546 0 -90 -14.73177529 -0.00006179 180 -86.42302703 180 0 -11.3879547 0 0 0 0 0 0 0 180 46.31345366 -179.99996945 0 -70.93906399 0 0 29.49995612 0 0 53.51571273 0 0 63.40646361 0 0 -42.65629957 0 0 -77.18611145 0 0 31.05727768 0 0 36.69298551 0 0 34.47512053 0 -29.1274414 -3.9735436 34.02476501 -104.36850737 -0.0000017 89.99997707 0 0 0 0 0 0
-31.46700858 -3.47724341 -33.36303328 -77.31758879 -0.00002219 90.00014495 -33.32815169 -5.15452766 1.1243689 -77.31758879 -0.00002219 90.00014495 -31.46700858 -3.47724341 -33.36303328 -77.31758879 -0.00002219 90.00014495 -33.51401519 -5.00035572 -0.35200764 -104.36850737 -0.0000017 89.99997707 -29.1274414 -3.9735436 34.0247612 -104.36850737 -0.0000017 89.99997707 0 -28.77905656 0 -25.19212723 2.10580181 0 -90 -14.73177529 -0.00006091 180 -86.04750061 180 0 -11.02187252 0 0 0 0 0 0 0 180 46.31345747 -179.99996945 0 -72.00691223 0 0 29.03185653 0 0 55.31158064 0 0 64.47555541 0 0 -42.56048202 0 0 -78.858963 0 0 31.18201637 0 0 37.0651741 0 0 34.58628082 0 -29.1274414 -3.9735436 34.0247612 -104.36850737 -0.0000017 89.99997707 0 0 0 0 0 0
-31.46700858 -3.47724341 -33.36303328 -77.31758879 -0.00002219 90.00014495 -33.32815169 -5.15452766 1.1243689 -77.31758879 -0.00002219 90.00014495 -31.46700858 -3.47724341 -33.36303328 -77.31758879 -0.00002219 90.00014495 -33.51401519 -5.00035572 -0.35200764 -104.36850737 0 89.99997707 -29.1274414 -3.9735436 34.0247612 -104.36850737 0 89.99997707 0 -28.9333305 0 -25.19212723 2.05149841 0 -90 -14.73177529 -0.00006179 180 -85.6706619 180 0 -10.70817471 0 0 0 0 0 0 0 180 46.31345366 -179.99996945 0 -73.11289214 0 0 28.53087425 0 0 57.19506836 0 0 65.50410461 0 0 -42.46468352 0 0 -80.43468474 0 0 31.27559661 0 0 37.43777465 0 0 34.64187619 0 -29.1274414 -3.9735436 34.0247612 -104.36850737 0 89.99997707 0 0 0 0 0 0
-31.46701049 -3.47724341 -33.36302946 -77.31758879 -0.0000239 90.00014495 -33.32815169 -5.15452766 1.1243689 -77.31758879 -0.0000239 90.00014495 -31.46701049 -3.47724341 -33.36302946 -77.31758879 -0.0000239 90.00014495 -33.51401519 -5.00035572 -0.35200764 -104.36850737 -0.00000341 89.9999847 -29.1274414 -3.9735436 34.02476501 -104.36850737 -0.00000341 89.9999847 0 -29.0567894 0 -25.19212723 2.01529622 0 -90 -14.73177529 -0.00006179 180 -85.29256439 180 0 -10.39455889 0 0 0 0 0 0 0 180 46.31345747 -179.99996945 0 -74.22680663 0 0 28.06378936 0 0 59.12007522 0 0 66.53862762 0 0 -42.41680144 0 0 -82.02894592 0 0 31.40039443 0 0 37.84809874 0 0 34.75308991 0 -29.1274414 -3.9735436 34.02476501 -104.36850737 -0.00000341 89.9999847 0 0 0 0 0 0
-31.46700858 -3.47724341 -33.36302946 -77.31758879 -0.00002049 90.00014495 -33.32815169 -5.15452766 1.1243689 -77.31758879 -0.00002049 90.00014495 -31.46700858 -3.47724341 -33.36302946 -77.31758879 -0.00002049 90.00014495 -33.51401519 -5.00035572 -0.35200764 -104.36850737 -0.00000341 89.9999847 -29.1274414 -3.9735436 34.02476882 -104.36850737 -0.00000341 89.9999847 0 -29.18027877 0 -25.19212723 1.96099265 0 -90 -14.73177529 -0.00006179 180 -84.95099636 180 0 -10.08102226 0 0 0 0 0 0 0 180 46.31345366 -179.99996945 0 -75.38030241 0 0 27.56387138 0 0 61.13778304 0 0 67.53186035 0 0 -42.32105635 0 -0.00000108 -83.64273068 0 0 31.49402236 0 0 38.22156524 0 0 34.86433409 0 -29.1274414 -3.9735436 34.02476882 -104.36850737 -0.00000341 89.9999847 0 0 0 0 0 0
-31.46700858 -3.47724341 -33.36303328 -77.31758879 -0.00002219 90.00014495 -33.32815169 -5.15452766 1.1243689 -77.31758879 -0.00002219 90.00014495 -31.46700858 -3.47724341 -33.36303328 -77.31758879 -0.00002219 90.00014495 -33.51401519 -5.00035572 -0.35200764 -104.36850737 -0.0000017 89.99997707 -29.1274414 -3.9735436 34.02476882 -104.36850737 -0.0000017 89.99997707 0 -29.30381392 0 -25.19212723 1.90668865 0 -90 -14.73177529 -0.00006091 180 -84.57025146 180 0 -9.76755524 0 0 0 0 0 0 0 180 46.31345366 -179.99996945 0 -76.54286956 0 0 27.06447982 0 0 63.17671584 0 0 68.53089141 0 0 -42.22533797 0 -0.00000139 -85.1553955 -0.00000126 0 31.58767128 0 0 38.59545517 0 0 34.91997524 0 -29.1274414 -3.9735436 34.02476882 -104.36850737 -0.0000017 89.99997707 0 0 0 0 0 0
-31.46700858 -3.47724341 -33.36303328 -77.31758879 -0.00002219 90.00014495 -33.32815169 -5.15452766 1.1243689 -77.31758879 -0.00002219 90.00014495 -31.46700858 -3.47724341 -33.36303328 -77.31758879 -0.00002219 90.00014495 -33.51401519 -5.00035572 -0.35200764 -104.36850737 -0.0000017 89.99997707 -29.1274414 -3.9735436 34.0247612 -104.36850737 -0.0000017 89.99997707 0 -29.42737197 0 -25.19212723 1.85238598 0 -90 -14.73177529 -0.00006179 180 -84.22633361 180 0 -9.50639724 0 0 0 0 0 0 0 180 46.31345366 -179.99996945 0 -77.74656678 0 0 26.56562233 0 0 65.28875732 0 0 69.48786925 0 0 -42.17749786 0 -0.00000201 -86.68647763 -0.00000188 0 31.68134496 0 0 38.96977611 0 0 34.97561641 0 -29.1274414 -3.9735436 34.0247612 -104.36850737 -0.0000017 89.99997707 0 0 0 0 0 0
-31.46700858 -3.47724341 -33.36302946 -77.31758879 -0.00002219 90.00014495 -33.32815169 -5.15452766 1.1243689 -77.31758879 -0.00002219 90.00014495 -31.46700858 -3.47724341 -33.36302946 -77.31758879 -0.00002219 90.00014495 -33.51401519 -5.00035572 -0.35200764 -104.36850737 0 89.99997707 -29.1274414 -3.9735436 34.0247612 -104.36850737 0 89.99997707 0 -29.55097008 0 -25.19212723 1.79808177 0 -90 -14.73177529 -0.00006179 180 -83.88130949 180 0 -9.19306469 0 0 0 0 0 0 0 180 46.31345366 -179.99996945 0 -78.9285049 0 0 26.06726265 0 0 67.42607879 0 0 70.45046233 0 0 -42.08182144 0 -0.0000036 -88.17458343 -0.00000347 0 31.77504159 0 0 39.38202284 0 0 35.08693313 0 -29.1274414 -3.9735436 34.0247612 -104.36850737 0 89.99997707 0 0 0 0 0 0
-31.46700858 -3.47724341 -33.36303328 -77.31758879 -0.0000239 90.00014495 -33.32815169 -5.15452766 1.1243689 -77.31758879 -0.0000239 90.00014495 -31.46700858 -3.47724341 -33.36303328 -77.31758879 -0.0000239 90.00014495 -33.51401519 -5.00035572 -0.35200764 -104.36850737 -0.0000017 89.99997707 -29.1274414 -3.9735436 34.02476501 -104.36850737 -0.0000017 89.99997707 0 -29.67460057 0 -25.19212723 1.74377859 0 -90 -14.73177529 -0.00006179 180 -83.53507232 180 0 -8.93200584 0 0 0 0 0 0 0 180 46.31345366 -179.99996945 0 -80.15283966 0 0 25.60259244 0 0 69.59030914 0 0 71.41880797 0 0 -41.98619076 0 -0.00001701 -89.61742398 -0.00001688 0 31.86875532 0 0 39.75725556 0 0 35.14260864 0 -29.1274414 -3.9735436 34.02476501 -104.36850737 -0.0000017 89.99997707 0 0 0 0 0 0
-31.46700477 -3.47724341 -33.36303328 -77.31758879 -0.0000239 90.00014495 -33.32815169 -5.15452766 1.1243689 -77.31758879 -0.0000239 90.00014495 -31.46700477 -3.47724341 -33.36303328 -77.31758879 -0.0000239 90.00014495 -33.51401519 -5.00035572 -0.35200764 -104.36850737 -0.0000017 89.99997707 -29.1274414 -3.9735436 34.02476501 -104.36850737 -0.0000017 89.99997707 0 -29.76734734 0 -25.19212723 1.70757676 0 -90 -14.73177529 -0.00006179 180 -83.1878128 180 0 -8.61880776 0 0 0 0 0 0 0 180 46.31345747 -179.99996945 0 -81.38835905 0 0 25.10520744 0 0 71.80960081 0 0 72.34414671 0 0 -41.93838115 0 -180 -88.98258205 -180 0 31.96248813 0 0 40.13292694 0 0 35.19828415 0 -29.1274414 -3.9735436 34.02476501 -104.36850737 -0.0000017 89.99997707 0 0 0 0 0 0
-31.46700477 -3.47724341 -33.36302946 -77.31758879 -0.00002049 90.00014495 -33.32815169 -5.15452766 1.1243689 -77.31758879 -0.00002049 90.00014495 -31.46700477 -3.47724341 -33.36302946 -77.31758879 -0.00002049 90.00014495 -33.51401519 -5.00035572 -0.35200764 -104.36850737 0 89.99997707 -29.1274414 -3.9735436 34.02476882 -104.36850737 0 89.99997707 0 -29.89103888 0 -25.19212723 1.65327248 0 -90 -14.73177529 -0.00006091 180 -82.83924864 180 0 -8.35785006 0 0 0 0 0 0 0 180 46.31344603 -179.99996945 0 -82.60253903 0 0 24.6082916 0 0 74.03383636 0 0 73.27503203 0 0 -41.84278868 0 -180 -87.63114926 -180 0 32.02499389 0 0 40.50906372 0 0 35.25397491 0 -29.1274414 -3.9735436 34.02476882 -104.36850737 0 89.99997707 0 0 0 0 0 0
-31.46700858 -3.47724341 -33.36303328 -77.31758879 -0.00002049 90.00014495 -33.32815169 -5.15452766 1.1243689 -77.31758879 -0.00002049 90.00014495 -31.46700858 -3.47724341 -33.36303328 -77.31758879 -0.00002049 90.00014495 -33.51401519 -5.00035572 -0.35200764 -104.36850737 -0.00000341 89.9999847 -29.1274414 -3.9735436 34.02476882 -104.36850737 -0.00000341 89.9999847 0 -29.98383709 0 -25.19212723 1.59896982 0 -90 -14.73177529 -0.00006267 180 -82.52842712 180 0 -8.14912032 0 0 0 0 0 0 0 180 46.31345366 -179.99996945 0 -83.82800291 0 0 24.14493751 0 0 76.29105377 0 0 74.16212463 0 0 -41.74722291 0 -180 -86.32890318 -180 0 32.11876678 0 0 40.88563918 0 0 35.30966566 0 -29.1274414 -3.9735436 34.02476882 -104.36850737 -0.00000341 89.9999847 0 0 0 0 0 0
-31.46700858 -3.47724341 -33.36303328 -77.31758879 -0.00002219 90.00014495 -33.32815169 -5.15452766 1.1243689 -77.31758879 -0.00002219 90.00014495 -31.46700858 -3.47724341 -33.36303328 -77.31758879 -0.00002219 90.00014495 -33.51401519 -5.00035572 -0.35200764 -104.36850737 -0.0000017 89.99997707 -29.1274414 -3.9735436 34.0247612 -104.36850737 -0.0000017 89.99997707 0 -30.07664871 0 -25.19212723 1.56276691 0 -90 -14.73177529 -0.00006267 180 -82.21658324 180 0 -7.88823746 0 0 0 0 0 0 0 180 46.31344221 -179.99996945 0 -85.06544494 0 0 23.68196866 0 0 78.52885437 0 0 75.00476837 0 0 -41.69945142 0 -180 -85.07674407 -180 0 32.18128967 0 0 41.26269149 0 0 35.3653755 0 -29.1274414 -3.9735436 34.0247612 -104.36850737 -0.0000017 89.99997707 0 0 0 0 0 0
-31.46700858 -3.47724341 -33.36302946 -77.31758879 -0.00002219 90.00014495 -33.32815169 -5.15452766 1.1243689 -77.31758879 -0.00002219 90.00014495 -31.46700858 -3.47724341 -33.36302946 -77.31758879 -0.00002219 90.00014495 -33.51401519 -5.00035572 -0.35200764 -104.36850737 0 89.99997707 -29.1274414 -3.9735436 34.02476501 -104.36850737 0 89.99997707 0 -30.16948509 0 -25.19212723 1.50846421 0 -90 -14.73177529 -0.00006179 180 -81.90383907 180 0 -7.62740466 0 0 0 0 0 0 0 180 46.31344603 -179.99996945 0 -86.3151779 0 0 23.21941184 0 0 80.8027725 0 0 75.85214995 0 0 -41.60393903 0 -180 -83.80947874 -180 0 32.2751007 0 0 41.6401901 0 0 35.42108916 0 -29.1274414 -3.9735436 34.02476501 -104.36850737 0 89.99997707 0 0 0 0 0 0
-31.46700858 -3.47724341 -33.36303328 -77.31758879 -0.00002219 90.00014495 -33.32815169 -5.15452766 1.1243689 -77.31758879 -0.00002219 90.00014495 -31.46700858 -3.47724341 -33.36303328 -77.31758879 -0.00002219 90.00014495 -33.51401519 -5.00035572 -0.35200764 -104.36850737 -0.00000341 89.9999847 -29.1274414 -3.9735436 34.02476501 -104.36850737 -0.00000341 89.9999847 0 -30.26234245 0 -25.19212723 1.47226189 0 -90 -14.73177529 -0.00006179 180 -81.59011078 180 0 -7.41876458 0 0 0 0 0 0 0 180 46.31345366 -179.99996945 0 -87.54353332 0 0 22.7902279 0 0 83.05898285 0 0 76.70445252 0 0 -41.50845718 0 -180 -82.66222379 -180 0 32.3376541 0 0 42.05600738 0 0 35.42108916 0 -29.1274414 -3.9735436 34.02476501 -104.36850737 -0.00000341 89.9999847 0 0 0 0 0 0
-31.46700858 -3.47724341 -33.36303328 -77.31758879 -0.0000239 90.00014495 -33.32815169 -5.15452766 1.1243689 -77.31758879 -0.0000239 90.00014495 -31.46700858 -3.47724341 -33.36303328 -77.31758879 -0.0000239 90.00014495 -33.51401519 -5.00035572 -0.35200764 -104.36850737 -0.0000017 89.99997707 -29.1274414 -3.9735436 34.02476501 -104.36850737 -0.0000017 89.99997707 0 -30.32425497 0 -25.19212723 1.41795837 0 -90 -14.73177529 -0.00006179 180 -81.27534484 180 0 -7.21014928 0 0 0 0 0 0 0 180 46.31345366 -179.99996945 0 -88.75008393 0 0 22.36136816 0 0 85.32630156 0 0 77.51120758 0 0 -41.46072768 0 -180 -81.50170898 -180 0 32.40021514 0 0 42.43452071 0 0 35.47680663 0 -29.1274414 -3.9735436 34.02476501 -104.36850737 -0.0000017 89.99997707 0 0 0 0 0 0
-31.46701049 -3.47724341 -33.36303328 -77.31758879 -0.0000239 90.00014495 -33.32815169 -5.15452766 1.1243689 -77.31758879 -0.0000239 90.00014495 -31.46701049 -3.47724341 -33.36303328 -77.31758879 -0.0000239 90.00014495 -33.51401519 -5.00035572 -0.35200764 -104.36850737 -0.0000017 89.99997707 -29.1274414 -3.9735436 34.02476501 -104.36850737 -0.0000017 89.99997707 0 -30.41714095 0 -25.19212723 1.38175617 0 -90 -14.73177529 -0.00006179 180 -80.95955654 180 0 -7.00155496 0 0 0 0 0 0 0 180 46.31344603 -179.99996945 0 -89.96573635 0 0 21.96578022 0 0 87.54712677 0 0 78.32257841 0 0 -41.36528395 0 -180 -80.46632384 -180 0 32.4627838 0 0 42.81352232 0 0 35.47680663 0 -29.1274414 -3.9735436 34.02476501 -104.36850737 -0.0000017 89.99997707 0 0 0 0 0 0
-31.46700477 -3.47724341 -33.36303328 -77.31758879 -0.00002219 90.00014495 -33.32815169 -5.15452766 1.1243689 -77.31758879 -0.00002219 90.00014495 -31.46700477 -3.47724341 -33.36303328 -77.31758879 -0.00002219 90.00014495 -33.51401519 -5.00035572 -0.35200764 -104.36850737 -0.0000017 89.99997707 -29.1274414 -3.9735436 34.02476882 -104.36850737 -0.0000017 89.99997707 0 -30.47907828 0 -25.19212723 1.34555386 0 -90 -14.73177529 -0.00006179 180 -80.68244168 180 0 -6.7929864 0 0 0 0 0 0 0 180 46.31345366 -179.99996945 -180 -88.79878236 -180 0 21.57045555 0 0 89.78060151 0 0 79.08748626 0 0 -41.26987075 0 -180 -79.41976165 -180 0 32.52536773 0 0 43.19301223 0 0 35.53253555 0 -29.1274414 -3.9735436 34.02476882 -104.36850737 -0.0000017 89.99997707 0 0 0 0 0 0
-31.46700858 -3.47724341 -33.36303328 -77.31758879 -0.00002219 90.00014495 -33.32815169 -5.15452766 1.1243689 -77.31758879 -0.00002219 90.00014495 -31.46700858 -3.47724341 -33.36303328 -77.31758879 -0.00002219 90.00014495 -33.51401519 -5.00035572 -0.35200764 -104.36850737 -0.0000017 89.99997707 -29.12744331 -3.9735436 34.02476501 -104.36850737 -0.0000017 89.99997707 0 -30.54102325 0 -25.19212723 1.29124987 0 -90 -14.73177529 -0.00006179 180 -80.40449523 180 0 -6.63657233 0 0 0 0 0 0 0 180 46.31345366 -179.99996945 -180 -87.62447354 -180 0 21.17538451 0 180 88.03477478 -180 0 79.80524443 0 0 -41.22217941 0 -180 -78.50331115 -180 0 32.58795929 0 0 43.57300567 0 0 35.53253555 0 -29.12744331 -3.9735436 34.02476501 -104.36850737 -0.0000017 89.99997707 0 0 0 0 0 0
-31.46700858 -3.47724341 -33.36303328 -77.31758879 -0.00002219 90.00014495 -33.32815169 -5.15452766 1.1243689 -77.31758879 -0.00002219 90.00014495 -31.46700858 -3.47724341 -33.36303328 -77.31758879 -0.00002219 90.00014495 -33.51401519 -5.00035572 -0.35200764 -104.36850737 -0.0000017 89.99997707 -29.1274414 -3.9735436 34.02476501 -104.36850737 -0.0000017 89.99997707 0 -30.60297963 0 -25.19212723 1.25504827 0 -90 -14.73177529 -0.00006179 180 -80.12577819 180 0 -6.48017501 0 0 0 0 0 0 0 180 46.31345366 -179.99996945 -180 -86.43766784 -180 0 20.81347273 0 180 85.86824034 -180 0 80.52675628 0 0 -41.12681198 0 -180 -77.64937589 -180 0 32.61926267 0 0 43.95349499 0 0 35.53253555 0 -29.1274414 -3.9735436 34.02476501 -104.36850737 -0.0000017 89.99997707 0 0 0 0 0 0
-31.46700858 -3.47724341 -33.36302946 -77.31758879 -0.00002219 90.00014495 -33.32815169 -5.15452766 1.1243689 -77.31758879 -0.00002219 90.00014495 -31.46700858 -3.47724341 -33.36302946 -77.31758879 -0.00002219 90.00014495 -33.51401519 -5.00035572 -0.35200764 -104.36850737 -0.0000017 89.99997707 -29.12744331 -3.9735436 34.02476501 -104.36850737 -0.0000017 89.99997707 0 -30.66494748 0 -25.19212723 1.21884512 0 -90 -14.73177529 -0.00006179 180 -79.84625243 180 0 -6.32378577 0 0 0 0 0 0 0 180 46.31344603 -179.99996945 -180 -85.27395629 -180 0 20.48463248 0 180 83.72058869 -180 0 81.20022582 0 0 -41.03148269 0 -180 -76.78748322 -180 0 32.68186948 0 0 44.29638671 0 0 35.53253555 0 -29.12744331 -3.9735436 34.02476501 -104.36850737 -0.0000017 89.99997707 0 0 0 0 0 0
-31.46700477 -3.47724341 -33.36303328 -77.31758879 -0.00002049 90.00014495 -33.32815169 -5.15452766 1.1243689 -77.31758879 -0.00002049 90.00014495 -31.46700477 -3.47724341 -33.36303328 -77.31758879 -0.00002049 90.00014495 -33.51401519 -5.00035572 -0.35200764 -104.36850737 -0.0000017 89.99997707 -29.1274414 -3.9735436 34.02476882 -104.36850737 -0.0000017 89.99997707 0 -30.72692109 0 -25.19212723 1.16454243 0 -90 -14.73177529 -0.00006179 180 -79.56588745 180 0 -6.16741132 0 0 0 0 0 0 0 180 46.31344603 -179.99996945 -180 -84.13444518 -180 0 20.18883132 0 180 81.65740964 -180 0 81.87705992 0 0 -40.98381802 0 -180 -76.06282806 -180 0 32.71317673 0 0 44.67784497 0 0 35.53253555 0 -29.1274414 -3.9735436 34.02476882 -104.36850737 -0.0000017 89.99997707 0 0 0 0 0 0
-31.46700858 -3.47724341 -33.36303328 -77.31758879 -0.00002219 90.00014495 -33.32815169 -5.15452766 1.1243689 -77.31758879 -0.00002219 90.00014495 -31.46700858 -3.47724341 -33.36303328 -77.31758879 -0.00002219 90.00014495 -33.51401519 -5.00035572 -0.35200764 -104.36850737 0 89.99997707 -29.1274414 -3.9735436 34.02476501 -104.36850737 0 89.99997707 0 -30.7579136 0 -25.19212723 1.12833964 0 -90 -14.73177529 -0.00006179 180 -79.28470611 180 0 -6.01104545 0 0 0 0 0 0 0 180 46.31345366 -179.99996945 -180 -82.98208614 -180 0 19.89315604 0 180 79.61673734 -180 0 82.50501251 0 0 -40.8885269 0 -180 -75.33233641 -180 0 32.74448396 0 0 45.05983734 0 0 35.53253555 0 -29.1274414 -3.9735436 34.02476501 -104.36850737 0 89.99997707 0 0 0 0 0 0
-31.46700858 -3.47724341 -33.36303328 -77.31758879 -0.00002219 90.00014495 -33.32815169 -5.15452766 1.1243689 -77.31758879 -0.00002219 90.00014495 -31.46700858 -3.47724341 -33.36303328 -77.31758879 -0.00002219 90.00014495 -33.51401519 -5.00035572 -0.35200764 -104.36850737 -0.0000017 89.99997707 -29.1274414 -3.9735436 34.02476501 -104.36850737 -0.0000017 89.99997707 0 -30.81989287 0 -25.19212723 1.09213745 0 -90 -14.73177529 -0.00006179 180 -79.04299163 180 0 -5.90680834 0 0 0 0 0 0 0 180 46.31344603 -179.99996945 -180 -81.89218138 -180 0 19.66328618 0 180 77.63351438 -180 0 83.1359024 0 0 -40.84089278 0 -180 -74.74354554 -180 0 32.7757988 0 0 45.44236754 0 0 35.53253555 0 -29.1274414 -3.9735436 34.02476501 -104.36850737 -0.0000017 89.99997707 0 0 0 0 0 0
-31.46700858 -3.47724341 -33.36303328 -77.31758879 -0.00002219 90.00014495 -33.32815169 -5.15452766 1.1243689 -77.31758879 -0.00002219 90.00014495 -31.46700858 -3.47724341 -33.36303328 -77.31758879 -0.00002219 90.00014495 -33.51401519 -5.00035572 -0.35200764 -104.36850737 -0.0000017 89.99997707 -29.1274414 -3.9735436 34.02476501 -104.36850737 -0.0000017 89.99997707 0 -30.85089301 0 -25.19212723 1.05593562 0 -90 -14.73177529 -0.00006179 180 -78.80075072 180 0 -5.80257891 0 0 0 0 0 0 0 180 46.31344603 -179.99996945 -180 -80.82837675 -180 0 19.43349646 0 180 75.74565125 -180 0 83.71693421 0 0 -40.74564744 0 -180 -74.22512817 -180 0 32.80711363 0 0 45.82541273 0 0 35.53253555 0 -29.1274414 -3.9735436 34.02476501 -104.36850737 -0.0000017 89.99997707 0 0 0 0 0 0
-31.46700858 -3.47724341 -33.36303328 -77.31758879 -0.00002219 90.00014495 -33.32814787 -5.15452766 1.1243689 -77.31758879 -0.00002219 90.00014495 -31.46700858 -3.47724341 -33.36303328 -77.31758879 -0.00002219 90.00014495 -33.51401519 -5.00035572 -0.35200764 -104.36850737 0 89.99997707 -29.1274414 -3.9735436 34.02476501 -104.36850737 0 89.99997707 0 -30.88189505 0 -25.19212723 1.01973283 0 -90 -14.73177529 -0.00006179 180 -78.55780792 180 0 -5.7504635 0 0 0 0 0 0 0 180 46.31344603 -179.99996945 -180 -79.79137422 -180 0 19.23659515 0 180 73.88771056 -180 0 84.24745177 0 0 -40.69803617 0 -180 -73.70358277 -180 0 32.83842848 0 0 46.2090187 0 0 35.53253555 0 -29.1274414 -3.9735436 34.02476501 -104.36850737 0 89.99997707 0 0 0 0 0 0
-31.46700858 -3.47724341 -33.36303328 -77.31758879 -0.00002219 90.00014495 -33.32815169 -5.15452766 1.1243689 -77.31758879 -0.00002219 90.00014495 -31.46700858 -3.47724341 -33.36303328 -77.31758879 -0.00002219 90.00014495 -33.51401519 -5.00035572 -0.35200764 -104.36850737 -0.0000017 89.99997707 -29.1274414 -3.9735436 34.02476882 -104.36850737 -0.0000017 89.99997707 0 -30.91289325 0 -25.19212723 0.98353102 0 -90 -14.73177529 -0.00006179 180 -78.31427763 180 0 -5.64624021 0 0 0 0 0 0 0 180 46.31344603 -179.99996945 -180 -78.74318696 -180 0 19.07255172 0 180 72.09750366 -180 0 84.78027345 0 0 -40.60283277 0 -180 -73.32908629 -180 0 32.86974715 0 0 46.55472183 0 0 35.53253555 0 -29.1274414 -3.9735436 34.02476882 -104.36850737 -0.0000017 89.99997707 0 0 0 0 0 0
-31.46701049 -3.47724341 -33.36303328 -77.31758879 -0.00002219 90.00014495 -33.32815169 -5.15452766 1.1243689 -77.31758879 -0.00002219 90.00014495 -31.46701049 -3.47724341 -33.36303328 -77.31758879 -0.00002219 90.00014495 -33.51401519 -5.00035572 -0.35200764 -104.36850737 -0.0000017 89.99997707 -29.1274414 -3.9735436 34.0247612 -104.36850737 -0.0000017 89.99997707 0 -30.91289325 0 -25.19212723 0.94732823 0 -90 -14.73177529 -0.00006179 180 -78.07009887 180 0 -5.59412956 0 0 0 0 0 0 0 180 46.31345366 -179.99996945 -180 -77.80142973 -180 0 18.94134708 0 180 70.41583251 -180 0 85.26166534 0 0 -40.55524444 0 -180 -73.02828979 -180 0 32.86974715 0 0 46.93938061 0 0 35.53253555 0 -29.1274414 -3.9735436 34.0247612 -104.36850737 -0.0000017 89.99997707 0 0 0 0 0 0
-31.46700477 -3.47724341 -33.36303328 -77.31758116 -0.00002219 90.00013732 -33.32815169 -5.15452766 1.1243689 -77.31758116 -0.00002219 90.00013732 -31.46700477 -3.47724341 -33.36303328 -77.31758116 -0.00002219 90.00013732 -33.51401519 -5.00035572 -0.35200764 -104.36850737 -0.0000017 89.99997707 -29.1274414 -3.9735436 34.02476501 -104.36850737 -0.0000017 89.99997707 0 -30.94389911 0 -25.19212723 0.91112651 0 -90 -14.73177529 -0.00006179 180 -77.82524107 180 0 -5.54202079 0 0 0 0 0 0 0 180 46.31345366 -179.99996945 -180 -76.85006712 -180 0 18.84296225 0 180 68.81163023 -180 0 85.74494935 0 0 -40.46007918 0 -180 -72.80204008 -180 0 32.9010696 0 0 47.32457731 0 0 35.53253555 0 -29.1274414 -3.9735436 34.02476501 -104.36850737 -0.0000017 89.99997707 0 0 0 0 0 0
-31.46700477 -3.47724341 -33.36303328 -77.31758879 -0.0000239 90.00013732 -33.32815169 -5.15452766 1.1243689 -77.31758879 -0.0000239 90.00013732 -31.46700477 -3.47724341 -33.36303328 -77.31758879 -0.0000239 90.00013732 -33.51401519 -5.00035572 -0.35200764 -104.36850737 -0.00000341 89.9999847 -29.1274414 -3.9735436 34.02476501 -104.36850737 -0.00000341 89.9999847 0 -30.94389911 0 -25.19212723 0.87492417 0 -90 -14.73177529 -0.00006179 180 -77.62072751 180 0 -5.54202079 0 0 0 0 0 0 0 180 46.31345366 -179.99996945 -180 -75.928894 -180 0 18.77737809 0 180 67.32772825 -180 0 86.17617797 0 0 -40.41251372 0 -180 -72.72647858 -180 0 32.9010696 0 0 47.67174909 0 0 35.53253555 0 -29.1274414 -3.9735436 34.02476501 -104.36850737 -0.00000341 89.9999847 0 0 0 0 0 0
-31.46700858 -3.47724341 -33.36302946 -77.31758879 -0.0000239 90.00013732 -33.32814787 -5.15452766 1.1243689 -77.31758879 -0.0000239 90.00013732 -31.46700858 -3.47724341 -33.36302946 -77.31758879 -0.0000239 90.00013732 -33.51401519 -5.00035572 -0.35200764 -104.36850737 -0.0000017 89.99997707 -29.1274414 -3.9735436 34.02476501 -104.36850737 -0.0000017 89.99997707 0 -30.94389911 0 -25.19212723 0.83872239 0 -90 -14.73177529 -0.00006267 180 -77.41575621 180 0 -5.54202079 0 0 0 0 0 0 0 180 46.31345366 -179.99996945 -180 -75.07944488 -180 0 18.74458886 0 180 65.89277648 -180 0 86.55479431 0 0 -40.36495207 0 -180 -72.65084836 -180 0 32.9010696 0 0 48.05804062 0 0 35.53253555 0 -29.1274414 -3.9735436 34.02476501 -104.36850737 -0.0000017 89.99997707 0 0 0 0 0 0
-31.46700858 -3.47724341 -33.36303328 -77.31758879 -0.0000239 90.00013732 -33.32815169 -5.15452766 1.1243689 -77.31758879 -0.0000239 90.00013732 -31.46700858 -3.47724341 -33.36303328 -77.31758879 -0.0000239 90.00013732 -33.51401519 -5.00035572 -0.35200764 -104.36850737 -0.0000017 89.99997707 -29.1274414 -3.9735436 34.02476501 -104.36850737 -0.0000017 89.99997707 0 -30.94389911 0 -25.19212723 0.82062022 0 -90 -14.73177529 -0.00006179 180 -77.21031951 180 0 -5.54202079 0 0 0 0 0 0 0 180 46.31345366 -179.99996945 -180 -74.26274871 -180 0 18.74458695 0 180 64.58911132 -180 0 86.9345779 0 0 -40.26985168 0 -180 -72.65085599 -180 0 32.9010696 0 0 48.48364257 0 0 35.53253555 0 -29.1274414 -3.9735436 34.02476501 -104.36850737 -0.0000017 89.99997707 0 0 0 0 0 0
-31.46700858 -3.47724341 -33.36303328 -77.31758879 -0.0000239 90.00014495 -33.32814787 -5.15452766 1.1243689 -77.31758879 -0.0000239 90.00014495 -31.46700858 -3.47724341 -33.36303328 -77.31758879 -0.0000239 90.00014495 -33.51401519 -5.00035572 -0.35200764 -104.36850737 -0.0000017 89.99997707 -29.1274414 -3.9735436 34.0247612 -104.36850737 -0.0000017 89.99997707 0 -30.9438953 0 -25.19212723 0.784418 0 -90 -14.73177529 -0.00006179 180 -77.00443267 180 0 -5.54202079 0 0 0 0 0 0 0 180 46.31345366 -179.99996945 -180 -73.47968291 -180 0 18.74459077 0 180 63.4237976 -180 0 87.26076507 0 0 -40.22231292 0 -180 -72.65085599 -180 0 32.9010696 0 0 49.06516647 0 0 35.53253555 0 -29.1274414 -3.9735436 34.0247612 -104.36850737 -0.0000017 89.99997707 0 0 0 0 0 0
-31.46700858 -3.47724341 -33.36303328 -77.31758879 -0.00002049 90.00014495 -33.32815169 -5.15452766 1.1243689 -77.31758879 -0.00002049 90.00014495 -31.46700858 -3.47724341 -33.36303328 -77.31758879 -0.00002049 90.00014495 -33.51401519 -5.00035572 -0.35200764 -104.36850737 -0.0000017 89.99997707 -29.1274414 -3.9735436 34.02476501 -104.36850737 -0.0000017 89.99997707 0 -30.9438953 0 -25.19212723 0.74821592 0 -90 -14.73177529 -0.00006179 180 -76.79807283 180 0 -5.54201984 0 0 0 0 0 0 0 180 46.31345366 -179.99996945 -180 -72.73117829 -180 0 18.74458504 0 180 62.32133864 -180 0 87.58840942 0 0 -40.17477416 0 -180 -72.65082547 -180 0 32.9010696 0 0 49.76474763 0 0 35.53253555 0 -29.1274414 -3.9735436 34.02476501 -104.36850737 -0.0000017 89.99997707 0 0 0 0 0 0
-31.46700858 -3.47724341 -33.36303328 -77.31758879 -0.00002219 90.00014495 -33.32815169 -5.15452766 1.1243689 -77.31758879 -0.00002219 90.00014495 -31.46700858 -3.47724341 -33.36303328 -77.31758879 -0.00002219 90.00014495 -33.51401519 -5.00035572 -0.35200764 -104.36850737 -0.00000341 89.9999847 -29.1274414 -3.9735436 34.02476501 -104.36850737 -0.00000341 89.9999847 0 -30.94389149 0 -25.19212723 0.73011512 0 -90 -14.73177529 -0.00006179 180 -76.63260648 180 0 -5.54202079 0 0 0 0 0 0 0 180 46.31345366 -179.99996945 -180 -72.0602417 -180 0 18.74458695 0 180 61.36824034 -180 0 87.8617401 0 0 -40.07973098 0 -180 -72.65084836 -180 0 32.9010696 0 0 50.5834465 0 0 35.53253555 0 -29.1274414 -3.9735436 34.02476501 -104.36850737 -0.00000341 89.9999847 0 0 0 0 0 0
-31.46700858 -3.47724341 -33.36303328 -77.31758879 -0.00002219 90.00014495 -33.32815169 -5.15452766 1.1243689 -77.31758879 -0.00002219 90.00014495 -31.46700858 -3.47724341 -33.36303328 -77.31758879 -0.00002219 90.00014495 -33.51401519 -5.00035572 -0.35200764 -104.36850737 -0.0000017 89.99997707 -29.1274414 -3.9735436 34.02476501 -104.36850737 -0.0000017 89.99997707 0 -30.9438953 0 -25.19212723 0.69391272 0 -90 -14.73177529 -0.00006267 180 -76.4254074 180 0 -5.54202032 0 0 0 0 0 0 0 180 46.31345366 -179.99996945 -180 -71.46869658 -180 0 18.74458695 0 180 60.57066345 -180 0 88.13565063 0 0 -40.03222274 0 -180 -72.65084836 -180 0 32.90106579 0 0 51.48331069 0 0 35.53253555 0 -29.1274414 -3.9735436 34.02476501 -104.36850737 -0.0000017 89.99997707 0 0 0 0 0 0
-31.46700858 -3.47724341 -33.36303328 -77.31758879 -0.0000239 90.00013732 -33.32815169 -5.15452766 1.1243689 -77.31758879 -0.0000239 90.00013732 -31.46700858 -3.47724341 -33.36303328 -77.31758879 -0.0000239 90.00013732 -33.51401519 -5.00035572 -0.35200764 -104.36850737 -0.0000017 89.99997707 -29.12743949 -3.9735436 34.02476501 -104.36850737 -0.0000017 89.99997707 0 -30.94389911 0 -25.19212723 0.65771023 0 -90 -14.73177529 -0.00006179 180 -76.25932311 180 0 -5.54202079 0 0 0 0 0 0 0 180 46.31345366 -179.99996945 -180 -70.87287138 -180 0 18.74458314 0 180 59.84889982 -180 0 88.35562895 0 0 -39.98471828 0 -180 -72.65081022 -180 0 32.9010696 0 0 52.46532058 0 0 35.53253555 0 -29.12743949 -3.9735436 34.02476501 -104.36850737 -0.0000017 89.99997707 0 0 0 0 0 0
-31.46700858 -3.47724341 -33.36303328 -77.31758879 -0.00002049 90.00014495 -33.32815169 -5.15452766 1.1243689 -77.31758879 -0.00002049 90.00014495 -31.46700858 -3.47724341 -33.36303328 -77.31758879 -0.00002049 90.00014495 -33.51401519 -5.00035572 -0.35200764 -104.36850737 -0.0000017 89.99997707 -29.1274414 -3.9735436 34.02476501 -104.36850737 -0.0000017 89.99997707 0 -30.94389911 0 -25.19212723 0.63960931 0 -90 -14.73177529 -0.00006179 180 -76.09288025 180 0 -5.54202175 0 0 0 0 0 0 0 180 46.31345366 -179.99996945 -180 -70.35868834 -180 0 18.74458695 0 180 59.33463286 -180 0 88.63083646 0 0 -39.93722149 0 -180 -72.65084073 -180 0 32.9010696 0 0 53.53053665 -0.000001 0 35.53253555 0 -29.1274414 -3.9735436 34.02476501 -104.36850737 -0.0000017 89.99997707 0 0 0 0 0 0
-31.46700858 -3.47724341 -33.36303328 -77.31758879 -0.00002049 90.00014495 -33.32815169 -5.15452766 1.1243689 -77.31758879 -0.00002049 90.00014495 -31.46700858 -3.47724341 -33.36303328 -77.31758879 -0.00002049 90.00014495 -33.51401519 -5.00035572 -0.35200764 -104.36850737 -0.0000017 89.99997707 -29.1274414 -3.9735436 34.02476501 -104.36850737 -0.0000017 89.99997707 0 -30.9438953 0 -25.19212723 0.62150821 0 -90 -14.73177529 -0.00006179 180 -75.92614742 180 0 -5.54202079 0 0 0 0 0 0 0 180 46.31345366 -179.99996945 -180 -69.92768093 -180 0 18.74458695 0 180 58.9029655 -180 0 88.79617311 0 0 -39.88973616 0 -180 -72.65084836 -180 0 32.9010696 0 0 54.68027494 -0.00000103 0 35.53253555 0 -29.1274414 -3.9735436 34.02476501 -104.36850737 -0.0000017 89.99997707 0 0 0 0 0 0
-31.46700858 -3.47724341 -33.36303328 -77.31758879 -0.00002219 90.00014495 -33.32815169 -5.15452766 1.1243689 -77.31758879 -0.00002219 90.00014495 -31.46700858 -3.47724341 -33.36303328 -77.31758879 -0.00002219 90.00014495 -33.51401519 -5.00035572 -0.35200764 -104.36850737 -0.0000017 89.99997707 -29.1274414 -3.9735436 34.02476501 -104.36850737 -0.0000017 89.99997707 0 -30.94389911 0 -25.19212723 0.58530539 0 -90 -14.73177529 -0.00006179 180 -75.75910188 180 0 -5.54202079 0 0 0 0 0 0 0 180 46.31345366 -179.99996945 -180 -69.53778839 -180 0 18.74458504 0 180 58.68605802 -180 0 89.0174179 0 0 -39.84225081 0 -180 -72.65084836 -180 0 32.9010696 0 0 55.87601088 -0.00000106 0 35.53253555 0 -29.1274414 -3.9735436 34.02476501 -104.36850737 -0.0000017 89.99997707 0 0 0 0 0 0
-31.46700858 -3.47724341 -33.36303328 -77.31758879 -0.00002049 90.00014495 -33.32815169 -5.15452766 1.1243689 -77.31758879 -0.00002049 90.00014495 -31.46700858 -3.47724341 -33.36303328 -77.31758879 -0.00002049 90.00014495 -33.51401519 -5.00035572 -0.35200764 -104.36850737 -0.0000017 89.99997707 -29.1274414 -3.9735436 34.02476501 -104.36850737 -0.0000017 89.99997707 0 -30.9438953 0 -25.19212723 0.56720477 0 -90 -14.73177529 -0.00006179 180 -75.63362882 180 0 -5.54202032 0 0 0 0 0 0 0 180 46.31345366 -179.99996945 -180 -69.18960571 -180 0 18.74459077 0 180 58.59907532 -180 0 89.1829071 0 0 -39.74731446 0 -180 -72.65084836 -180 0 32.9010696 0 0 57.15871429 -0.00000109 0 35.53253555 0 -29.1274414 -3.9735436 34.02476501 -104.36850737 -0.0000017 89.99997707 0 0 0 0 0 0
-31.46700858 -3.47724341 -33.36303328 -77.31758879 -0.00002219 90.00014495 -33.32815169 -5.15452766 1.1243689 -77.31758879 -0.00002219 90.00014495 -31.46700858 -3.47724341 -33.36303328 -77.31758879 -0.00002219 90.00014495 -33.51401519 -5.00035572 -0.35200764 -104.36850737 -0.0000017 89.99997707 -29.1274414 -3.9735436 34.02476882 -104.36850737 -0.0000017 89.99997707 0 -30.9438953 0 -25.19212723 0.54910308 0 -90 -14.73177529 -0.00006179 180 -75.50796508 180 0 -5.54202079 0 0 0 0 0 0 0 180 46.31345747 -179.99996945 -180 -68.97119899 -180 0 18.74458886 0 180 58.59907532 -180 0 89.34988402 0 0 -39.69984815 0 -180 -72.65087888 -180 0 32.9010696 0 0 58.44935988 -0.00000113 0 35.53253555 0 -29.1274414 -3.9735436 34.02476882 -104.36850737 -0.0000017 89.99997707 0 0 0 0 0 0
-31.46700858 -3.47724341 -33.36303328 -77.31758879 -0.00002219 90.00014495 -33.32815169 -5.15452766 1.1243689 -77.31758879 -0.00002219 90.00014495 -31.46700858 -3.47724341 -33.36303328 -77.31758879 -0.00002219 90.00014495 -33.51401519 -5.00035572 -0.35200764 -104.36850737 -0.0000017 89.99997707 -29.1274414 -3.9735436 34.02476882 -104.36850737 -0.0000017 89.99997707 0 -30.94389911 0 -25.19212723 0.53100252 0 -90 -14.73177529 -0.00006179 180 -75.34012602 180 0 -5.54202032 0 0 0 0 0 0 0 180 46.31345366 -179.99996945 -180 -68.7522049 -180 0 18.74458695 0 180 58.59907532 -180 0 89.46004485 0 0 -39.65239713 0 -180 -72.65084836 -180 0 32.9010696 0 0 59.74813844 -0.00000117 0 35.53253555 0 -29.1274414 -3.9735436 34.02476882 -104.36850737 -0.0000017 89.99997707 0 0 0 0 0 0
-31.46700858 -3.47724341 -33.36303328 -77.31758879 -0.00002219 90.00014495 -33.32815169 -5.15452766 1.1243689 -77.31758879 -0.00002219 90.00014495 -31.46700858 -3.47724341 -33.36303328 -77.31758879 -0.00002219 90.00014495 -33.51401519 -5.00035572 -0.35200764 -104.36850737 -0.0000017 89.99997707 -29.1274414 -3.9735436 34.02476501 -104.36850737 -0.0000017 89.99997707 0 -30.94389911 0 -25.19212723 0.51290029 0 -90 -14.73177529 -0.00006179 180 -75.2140274 180 0 -5.54202079 0 0 0 0 0 0 0 180 46.31345747 -179.99996945 -180 -68.66443631 -180 0 18.74458504 0 180 58.59907532 -180 0 89.62727353 0 0 -39.6523895 0 -180 -72.65084836 -180 0 32.9010696 0 0 61.09648514 -0.00000121 0 35.53253555 0 -29.1274414 -3.9735436 34.02476501 -104.36850737 -0.0000017 89.99997707 0 0 0 0 0 0
-31.46700858 -3.47724341 -33.36303328 -77.31758879 -0.00002219 90.00014495 -33.32815169 -5.15452766 1.1243689 -77.31758879 -0.00002219 90.00014495 -31.46700858 -3.47724341 -33.36303328 -77.31758879 -0.00002219 90.00014495 -33.51401519 -5.00035572 -0.35200764 -104.36850737 0 89.99997707 -29.1274414 -3.9735436 34.02476501 -104.36850737 0 89.99997707 0 -30.94389911 0 -25.19212723 0.47669907 0 -90 -14.73177529 -0.00006179 180 -75.08778381 180 0 -5.54202032 0 0 0 0 0 0 0 180 46.31345366 -179.99996945 -180 -68.62051389 -180 0 18.74458504 0 180 58.59907532 -180 0 89.73755646 0 0 -39.60494611 0 -180 -72.65084073 -180 0 32.9010696 0 0 62.45418548 -0.00000126 0 35.53253555 0 -29.1274414 -3.9735436 34.02476501 -104.36850737 0 89.99997707 0 0 0 0 0 0
-31.46700858 -3.47724341 -33.36303328 -77.31758879 -0.0000239 90.00013732 -33.32815169 -5.15452766 1.1243689 -77.31758879 -0.0000239 90.00013732 -31.46700858 -3.47724341 -33.36303328 -77.31758879 -0.0000239 90.00013732 -33.51401519 -5.00035572 -0.35200764 -104.36850737 0 89.99997707 -29.12744331 -3.9735436 34.02476501 -104.36850737 0 89.99997707 0 -30.94389911 0 -25.19212723 0.45859789 0 -90 -14.73177529 -0.00006179 180 -75.00350952 180 0 -5.54202032 0 0 0 0 0 0 0 180 46.31345747 -179.99996945 -180 -68.62054441 -180 0 18.74458314 0 180 58.59907532 -180 0 89.84934233 0 0 -39.55751037 0 -180 -72.65081022 -180 0 32.9010696 0 0 63.78015138 -0.00000132 0 35.53253555 0 -29.12744331 -3.9735436 34.02476501 -104.36850737 0 89.99997707 0 0 0 0 0 0
-31.46700858 -3.47724341 -33.36302946 -77.31758879 -0.0000239 90.00014495 -33.32815169 -5.15452766 1.1243689 -77.31758879 -0.0000239 90.00014495 -31.46700858 -3.47724341 -33.36302946 -77.31758879 -0.0000239 90.00014495 -33.51401519 -5.00035572 -0.35200764 -104.36850737 -0.0000017 89.99997707 -29.12743949 -3.9735436 34.02476501 -104.36850737 -0.0000017 89.99997707 0 -30.94389911 0 -25.19212723 0.45859789 0 -90 -14.73177529 -0.00006179 180 -74.87693022 180 0 -5.54202079 0 0 0 0 0 0 0 180 46.31345366 -179.99996945 -180 -68.62051389 -180 0 18.74458504 0 180 58.59907532 -180 0 89.90512844 0 0 -39.51007843 0 -180 -72.65084836 -180 0 32.9010696 0 0.00000104 65.11575317 -0.00000138 0 35.53253555 0 -29.12743949 -3.9735436 34.02476501 -104.36850737 -0.0000017 89.99997707 0 0 0 0 0 0
-31.46700858 -3.47724341 -33.36303328 -77.31758879 -0.00002049 90.00014495 -33.32815169 -5.15452766 1.1243689 -77.31758879 -0.00002049 90.00014495 -31.46700858 -3.47724341 -33.36303328 -77.31758879 -0.00002049 90.00014495 -33.51401519 -5.00035572 -0.35200764 -104.36850737 -0.0000017 89.99997707 -29.1274414 -3.9735436 34.02476882 -104.36850737 -0.0000017 89.99997707 0 -30.94389911 0 -25.19212723 0.44049626 0 -90 -14.73177529 -0.00006179 180 -74.79245759 180 0 -5.54202032 0 0 0 0 0 0 0 180 46.31344603 -179.99996945 -180 -68.62051389 -180 0 18.74458886 0 180 58.59906769 -180 0 90 0 0 -39.46264647 0 -180 -72.65084836 -180 0 32.9010696 0 0.00000111 66.41916655 -0.00000144 0 35.53253555 0 -29.1274414 -3.9735436 34.02476882 -104.36850737 -0.0000017 89.99997707 0 0 0 0 0 0
-31.46700858 -3.47724341 -33.36303328 -77.31758879 -0.00002219 90.00014495 -33.32815169 -5.15452766 1.1243689 -77.31758879 -0.00002219 90.00014495 -31.46700858 -3.47724341 -33.36303328 -77.31758879 -0.00002219 90.00014495 -33.51401519 -5.00035572 -0.35200764 -104.36850737 -0.0000017 89.99997707 -29.1274414 -3.9735436 34.0247612 -104.36850737 -0.0000017 89.99997707 0 -30.94389911 0 -25.19212723 0.42239564 0 -90 -14.73177529 -0.00006179 180 -74.70791627 180 0 -5.54202079 0 0 0 0 0 0 0 180 46.31345366 -179.99996945 -180 -68.62052152 -180 0 18.74458504 0 180 58.59906769 -180 -180 89.9259872 180 0 -39.46264647 0 -180 -72.65084836 -180 0 32.9010696 0 0.00000118 67.7323227 -0.00000152 0 35.53253555 0 -29.1274414 -3.9735436 34.0247612 -104.36850737 -0.0000017 89.99997707 0 0 0 0 0 0
-31.46700858 -3.47724341 -33.36303328 -77.31758879 -0.00002219 90.00014495 -33.32815169 -5.15452766 1.1243689 -77.31758879 -0.00002219 90.00014495 -31.46700858 -3.47724341 -33.36303328 -77.31758879 -0.00002219 90.00014495 -33.51401519 -5.00035572 -0.35200764 -104.36850737 -0.0000017 89.99997707 -29.1274414 -3.9735436 34.02476501 -104.36850737 -0.0000017 89.99997707 0 -30.94389911 0 -25.19212723 0.40429448 0 -90 -14.73177529 -0.00006179 180 -74.62327573 180 0 -5.54202032 0 0 0 0 0 0 0 180 46.31344603 -179.99996945 -180 -68.62049863 -180 0 18.74458695 0 180 58.59907532 -180 -180 89.87332915 180 0 -39.4152336 0 -180 -72.65084836 -180 0 32.9010696 0 0.00000126 68.92713924 -0.00000159 0 35.53253555 0 -29.1274414 -3.9735436 34.02476501 -104.36850737 -0.0000017 89.99997707 0 0 0 0 0 0
-31.46700858 -3.47724341 -33.36303328 -77.31758879 -0.00002219 90.00014495 -33.32815169 -5.15452766 1.1243689 -77.31758879 -0.00002219 90.00014495 -31.46700858 -3.47724341 -33.36303328 -77.31758879 -0.00002219 90.00014495 -33.51401519 -5.00035572 -0.35200764 -104.36850737 -0.0000017 89.99997707 -29.1274414 -3.9735436 34.02476501 -104.36850737 -0.0000017 89.99997707 0 -30.9438953 0 -25.19212723 0.38619386 0 -90 -14.73177529 -0.00006179 180 -74.53853607 180 0 -5.54202079 0 0 0 0 0 0 0 180 46.31345366 -179.99996945 -180 -68.62049863 -180 0 18.74458504 0 180 58.59907532 -180 -180 89.81655119 180 0 -39.36782454 0 -180 -72.65084836 -180 0 32.9010696 0 0.00000134 70.13055419 -0.00000168 0 35.53253555 0 -29.1274414 -3.9735436 34.02476501 -104.36850737 -0.0000017 89.99997707 0 0 0 0 0 0
-31.46700858 -3.47724341 -33.36303328 -77.31758879 -0.00002219 90.00014495 -33.32815169 -5.15452766 1.1243689 -77.31758879 -0.00002219 90.00014495 -31.46700858 -3.47724341 -33.36303328 -77.31758879 -0.00002219 90.00014495 -33.51401519 -5.00035572 -0.35200764 -104.36850737 -0.0000017 89.99997707 -29.1274414 -3.9735436 34.02476501 -104.36850737 -0.0000017 89.99997707 0 -30.9438953 0 -25.19212723 0.38619284 0 -90 -14.73177529 -0.00006179 180 -74.45374297 180 0 -5.54202127 0 0 0 0 0 0 0 180 46.31344603 -179.99996945 -180 -68.62048337 -180 0 18.74458695 0 180 58.59907532 -180 -180 89.81655119 180 0 -39.36782072 0 -180 -72.65085599 -180 0 32.9010696 0 0.00000143 71.25611877 -0.00000177 0 35.53253555 0 -29.1274414 -3.9735436 34.02476501 -104.36850737 -0.0000017 89.99997707 0 0 0 0 0 0
-31.46700858 -3.47724341 -33.36303328 -77.31758879 -0.00002219 90.00014495 -33.32815169 -5.15452766 1.1243689 -77.31758879 -0.00002219 90.00014495 -31.46700858 -3.47724341 -33.36303328 -77.31758879 -0.00002219 90.00014495 -33.51401519 -5.00035572 -0.35200764 -104.36850737 -0.0000017 89.99997707 -29.1274414 -3.9735436 34.02476501 -104.36850737 -0.0000017 89.99997707 0 -30.94389911 0 -25.19212723 0.36809219 0 -90 -14.73177529 -0.00006179 180 -74.41130828 180 0 -5.54202079 0 0 0 0 0 0 0 180 46.31345366 -179.99996945 -180 -68.62051389 -180 0 18.74458504 0 180 58.59907532 -180 -180 89.76097108 180 0 -39.32041548 0 -180 -72.65084836 -180 0 32.9010696 0 0.00000153 72.30204771 -0.00000186 0 35.53253555 0 -29.1274414 -3.9735436 34.02476501 -104.36850737 -0.0000017 89.99997707 0 0 0 0 0 0
-31.46700858 -3.47724341 -33.36302946 -77.31758879 -0.00002219 90.00014495 -33.32815169 -5.15452766 1.1243689 -77.31758879 -0.00002219 90.00014495 -31.46700858 -3.47724341 -33.36302946 -77.31758879 -0.00002219 90.00014495 -33.51401519 -5.00035572 -0.35200764 -104.36850737 -0.0000017 89.99997707 -29.1274414 -3.9735436 34.0247612 -104.36850737 -0.0000017 89.99997707 0 -30.94389911 0 -25.19212723 0.36809219 0 -90 -14.73177529 -0.00006179 180 -74.32635496 180 0 -5.54202079 0 0 0 0 0 0 0 180 46.31345366 -179.99996945 -180 -68.62051389 -180 0 18.74458695 0 180 58.59906769 -180 -180 89.76097108 180 0 -39.32041548 0 -180 -72.65084836 -180 0 32.9010696 0 0.00000162 73.2670288 -0.00000196 0 35.53253555 0 -29.1274414 -3.9735436 34.0247612 -104.36850737 -0.0000017 89.99997707 0 0 0 0 0 0
-31.46700858 -3.47724341 -33.36303328 -77.31758879 -0.00002219 90.00014495 -33.32815169 -5.15452766 1.1243689 -77.31758879 -0.00002219 90.00014495 -31.46700858 -3.47724341 -33.36303328 -77.31758879 -0.00002219 90.00014495 -33.51401519 -5.00035572 -0.35200764 -104.36850737 -0.0000017 89.99997707 -29.1274414 -3.9735436 34.02476501 -104.36850737 -0.0000017 89.99997707 0 -30.94389911 0 -25.19212723 0.34999104 0 -90 -14.73177529 -0.00006179 180 -74.28387451 180 0 -5.54202079 0 0 0 0 0 0 0 180 46.31345366 -179.99996945 -180 -68.62051389 -180 0 18.74458695 0 180 58.59906769 -180 -180 89.76097108 180 0 -39.32041548 0 -180 -72.65084073 -180 0 32.9010696 0 0.00000172 74.10533904 -0.00000205 0 35.53253555 0 -29.1274414 -3.9735436 34.02476501 -104.36850737 -0.0000017 89.99997707 0 0 0 0 0 0
-31.46700858 -3.47724341 -33.36303328 -77.31758879 -0.00002219 90.00014495 -33.32815169 -5.15452766 1.1243689 -77.31758879 -0.00002219 90.00014495 -31.46700858 -3.47724341 -33.36303328 -77.31758879 -0.00002219 90.00014495 -33.51401519 -5.00035572 -0.35200764 -104.36850737 -0.0000017 89.99997707 -29.1274414 -3.9735436 34.02476501 -104.36850737 -0.0000017 89.99997707 0 -30.94389911 0 -25.19212723 0.34999104 0 -90 -14.73177529 -0.00006179 180 -74.24135589 180 0 -5.54202079 0 0 0 0 0 0 0 180 46.31345366 -179.99996945 -180 -68.62051389 -180 0 18.74458695 0 180 58.59907532 -180 -180 89.70391846 180 0 -39.27301406 0 -180 -72.65084836 -180 0 32.9010696 0 0.00000181 74.85926817 -0.00000214 0 35.53253555 0 -29.1274414 -3.9735436 34.02476501 -104.36850737 -0.0000017 89.99997707 0 0 0 0 0 0
-31.46700858 -3.47724341 -33.36303328 -77.31758879 -0.00002219 90.00014495 -33.32815169 -5.15452766 1.1243689 -77.31758879 -0.00002219 90.00014495 -31.46700858 -3.47724341 -33.36303328 -77.31758879 -0.00002219 90.00014495 -33.51401519 -5.00035572 -0.35200764 -104.36850737 -0.0000017 89.99997707 -29.1274414 -3.9735436 34.02476501 -104.36850737 -0.0000017 89.99997707 0 -30.94389911 0 -25.19212723 0.34999053 0 -90 -14.73177529 -0.00006179 180 -74.19882202 180 0 -5.54202079 0 0 0 0 0 0 0 180 46.31345366 -179.99996945 -180 -68.62051389 -180 0 18.74458695 0 180 58.59907532 -180 -180 89.70391846 180 0 -39.27301406 0 -180 -72.65084836 -180 0 32.9010696 0 0.0000019 75.52777099 -0.00000223 0 35.53253555 0 -29.1274414 -3.9735436 34.02476501 -104.36850737 -0.0000017 89.99997707 0 0 0 0 0 0
-31.46700858 -3.47724341 -33.36303328 -77.31758879 -0.00002219 90.00014495 -33.32815169 -5.15452766 1.1243689 -77.31758879 -0.00002219 90.00014495 -31.46700858 -3.47724341 -33.36303328 -77.31758879 -0.00002219 90.00014495 -33.51401519 -5.00035572 -0.35200764 -104.36850737 -0.0000017 89.99997707 -29.1274414 -3.9735436 34.02476501 -104.36850737 -0.0000017 89.99997707 0 -30.94389911 0 -25.19212723 0.33188991 0 -90 -14.73177529 -0.00006179 180 -74.19882202 180 0 -5.54202079 0 0 0 0 0 0 0 180 46.31345366 -179.99996945 -180 -68.62052152 -180 0 18.74458695 0 180 58.59907532 -180 -180 89.70391846 180 0 -39.27301406 0 -180 -72.65084836 -180 0 32.9010696 0 0.00000198 76.01983642 -0.00000231 0 35.53253555 0 -29.1274414 -3.9735436 34.02476501 -104.36850737 -0.0000017 89.99997707 0 0 0 0 0 0
-31.46700858 -3.47724341 -33.36303328 -77.31758879 -0.00002219 90.00014495 -33.32815169 -5.15452766 1.1243689 -77.31758879 -0.00002219 90.00014495 -31.46700858 -3.47724341 -33.36303328 -77.31758879 -0.00002219 90.00014495 -33.51401519 -5.00035572 -0.35200764 -104.36850737 -0.0000017 89.99997707 -29.1274414 -3.9735436 34.02476501 -104.36850737 -0.0000017 89.99997707 0 -30.94389911 0 -25.19212723 0.33188991 0 -90 -14.73177529 -0.00006179 180 -74.15625763 180 0 -5.54202079 0 0 0 0 0 0 0 180 46.31345366 -179.99996945 -180 -68.62051389 -180 0 18.74458695 0 180 58.59907532 -180 -180 89.70391846 180 0 -39.27301025 0 -180 -72.65084836 -180 0 32.9010696 0 0.00000204 76.42373656 -0.00000237 0 35.53253555 0 -29.1274414 -3.9735436 34.02476501 -104.36850737 -0.0000017 89.99997707 0 0 0 0 0 0
-31.46700858 -3.47724341 -33.36303328 -77.31758879 -0.00002219 90.00014495 -33.32815169 -5.15452766 1.1243689 -77.31758879 -0.00002219 90.00014495 -31.46700858 -3.47724341 -33.36303328 -77.31758879 -0.00002219 90.00014495 -33.51401519 -5.00035572 -0.35200764 -104.36850737 -0.0000017 89.99997707 -29.1274414 -3.9735436 34.02476501 -104.36850737 -0.0000017 89.99997707 0 -30.9438953 0 -25.19212723 0.33188991 0 -90 -14.73177529 -0.00006179 180 -74.15625763 180 0 -5.54202079 0 0 0 0 0 0 0 180 46.31345366 -179.99996945 -180 -68.62051389 -180 0 18.74458695 0 180 58.59907532 -180 -180 89.70391846 180 0 -39.22563171 0 -180 -72.65084836 -180 0 32.9010696 0 0.00000208 76.64859006 -0.00000241 0 35.53253555 0 -29.1274414 -3.9735436 34.02476501 -104.36850737 -0.0000017 89.99997707 0 0 0 0 0 0
-31.46700858 -3.47724341 -33.36303328 -77.31758879 -0.00002219 90.00014495 -33.32815169 -5.15452766 1.1243689 -77.31758879 -0.00002219 90.00014495 -31.46700858 -3.47724341 -33.36303328 -77.31758879 -0.00002219 90.00014495 -33.51401519 -5.00035572 -0.35200764 -104.36850737 -0.0000017 89.99997707 -29.1274414 -3.9735436 34.02476501 -104.36850737 -0.0000017 89.99997707 0 -30.94389911 0 -25.19212723 0.33188991 0 -90 -14.73177529 -0.00006179 180 -74.15625763 180 0 -5.54202079 0 0 0 0 0 0 0 180 46.31345366 -179.99996945 -180 -68.62049863 -180 0 18.74458695 0 180 58.59907532 -180 -180 89.70391846 180 0 -39.22563171 0 -180 -72.65084836 -180 0 32.9010696 0 0.00000209 76.73862458 -0.00000242 0 35.53253555 0 -29.1274414 -3.9735436 34.02476501 -104.36850737 -0.0000017 89.99997707 0 0 0 0 0 0
-31.46700858 -3.47724341 -33.36303328 -77.31758879 -0.00002219 90.00014495 -33.32815169 -5.15452766 1.1243689 -77.31758879 -0.00002219 90.00014495 -31.46700858 -3.47724341 -33.36303328 -77.31758879 -0.00002219 90.00014495 -33.51401519 -5.00035572 -0.35200764 -104.36850737 -0.0000017 89.99997707 -29.1274414 -3.9735436 34.02476501 -104.36850737 -0.0000017 89.99997707 0 -30.94389911 0 -25.19212723 0.33188991 0 -90 -14.73177529 -0.00006179 180 -74.15625763 180 0 -5.54202079 0 0 0 0 0 0 0 180 46.31345366 -179.99996945 -180 -68.62051389 -180 0 18.74458695 0 180 58.59907532 -180 -180 89.70391846 180 0 -39.22563171 0 -180 -72.65084836 -180 0 32.9010696 0 0.00000209 76.73862458 -0.00000242 0 35.53253555 0 -29.1274414 -3.9735436 34.02476501 -104.36850737 -0.0000017 89.99997707 0 0 0 0 0 0
